hour,day_of_week,station_id,rainfall,temperature,rush_hour,crowd_level
8,4,1,45.08122570309566,29.936657314885583,0,0
17,2,9,7.917188159967559,24.38274928682093,1,2
8,0,29,17.888329799249775,25.532398920909653,0,0
15,0,34,5.828103471490182,39.800713759348994,1,2
19,2,28,8.730330225871668,30.765225661507717,0,0
9,3,21,38.69040819365398,30.005024486035566,0,0
5,6,10,27.1746619916133,20.06347310151321,0,0
21,2,43,24.316663868377162,22.573173570743236,0,0
16,4,27,12.361845587618237,36.35472879400899,1,2
12,1,19,29.197301591902242,39.02469063752375,1,2
22,6,47,30.799622048755875,36.584527696930714,0,0
15,4,28,13.40680753523732,24.627032550110563,1,2
14,4,35,3.6733643702422105,35.67510942034848,1,1
23,1,17,17.161034871020476,29.967743094313462,0,0
18,2,49,1.5050964909252618,32.403296479864,0,0
21,3,15,15.420296001833444,26.096744111397694,0,0
7,6,43,47.68937904391554,23.03788505385535,1,2
0,0,23,5.125506224398446,35.19597778424637,1,1
10,1,34,47.22760817111645,28.96482506402949,0,0
4,5,42,48.34660689539094,34.454868619136526,0,0
12,1,41,44.861431708807714,22.67382744875671,0,0
8,3,40,20.877293456009955,22.956833369447097,0,0
14,5,4,21.007493714337226,34.19652845314682,1,2
13,5,36,40.29864209740309,26.250099714799784,1,2
22,6,18,15.589609735084482,26.823819110636066,0,0
14,0,17,2.562217214759288,22.092824435787396,1,1
14,4,24,28.575523789786544,36.142219515694364,0,0
14,1,4,21.214272358270975,32.165160680005,0,0
17,4,12,9.05522484899805,24.030852934171858,0,0
4,6,6,25.93637592986698,23.37507851268221,1,1
0,6,38,28.447147745367328,20.240463725630683,1,1
21,1,8,27.407218972376167,29.009688486085007,0,0
22,6,5,2.8211090378731987,24.078382776766567,0,0
21,0,19,24.829985546796436,39.97986534697043,0,0
11,2,43,8.293710321271085,39.47741654368409,0,0
17,0,3,15.49961810628957,34.84571098385265,1,2
11,1,21,25.017541148542698,31.7986664187181,1,2
3,1,8,10.592497868077027,38.53723137542893,0,0
0,2,34,21.073022967738602,26.027951572648206,0,0
6,4,49,14.919963446578988,30.632345180584508,1,1
7,2,24,2.690730499037036,30.813042311743402,0,0
21,2,38,35.00631225527355,32.588530272517104,1,2
12,3,25,1.0843597781905079,21.378509027534186,1,1
5,1,42,19.99328716443734,30.241491216346837,0,0
12,1,22,3.184425907035532,34.22716510846239,0,0
10,5,27,8.25513092248693,36.4619926645707,1,1
19,0,16,31.876744688396453,36.98724328007562,1,2
8,2,17,35.44018765363066,34.17762150044844,1,2
7,6,46,40.390747656422334,25.63275101748747,0,0
16,0,17,33.74115144489232,38.60355937227132,1,2
23,1,34,2.882268796177673,20.44821960788167,0,0
22,4,24,10.160037639729541,32.24678026965667,1,2
17,6,21,30.273295774447085,29.36258601550941,1,2
4,4,17,43.21037051942071,29.95639609136036,0,0
11,1,41,47.70726887367354,22.814437863551152,0,0
16,2,23,14.122863140615049,33.586244439842346,0,0
15,0,23,6.329793446428683,25.25411299111759,0,0
9,6,19,43.77683938111007,24.548504635682363,0,0
1,3,25,32.356514336456534,21.5917324140398,1,1
8,0,10,37.226529920501136,27.98026963952499,1,2
21,2,21,31.663171496368527,39.337632989265074,0,0
1,4,49,1.777348668876999,33.61067921745376,1,1
16,6,38,4.155899562171933,39.07517599559536,0,0
7,3,34,40.68678729400292,27.302081075217874,0,0
6,2,17,40.46924190120761,22.521707359209064,1,2
0,3,22,8.467501006779893,33.087230657913715,0,0
2,4,22,0.507424113622823,33.713102714417104,1,1
5,2,12,22.01347608556882,35.04242260368091,0,0
2,4,20,37.85831640864015,31.84691217232368,0,0
21,6,28,41.32394881187272,37.356300437286976,0,0
17,6,19,13.03551806204138,20.99195463147722,0,0
3,0,46,21.570505007686887,35.823804122707294,0,0
2,2,5,17.60316962611233,35.56402615947709,0,0
18,2,19,21.00504997582907,27.428172564940713,1,2
0,4,2,9.391765420856723,23.864957313430494,0,0
21,4,9,16.56840817008443,31.701329859676893,0,0
9,5,37,36.12807822887754,38.79493448063182,1,2
23,2,17,4.610181958486481,33.7513674746462,0,0
20,5,45,5.306945629504833,38.55333040649073,0,0
12,4,47,48.52929050429321,21.419205028044473,1,2
6,1,39,16.30581303197063,27.76774907055089,0,0
10,5,44,47.658575004787586,20.97297697825261,0,0
11,2,8,27.843806990377402,33.30940478762333,1,2
9,6,7,25.756569498531423,34.97984479199738,0,0
13,4,9,17.465982509659582,34.41446727226495,0,0
18,3,2,33.10757061669219,23.99215650234962,0,0
4,5,18,17.756431753589297,25.359474418810727,1,1
7,5,28,30.688018873911595,22.264143513674952,0,0
7,4,10,4.36080185810731,27.613816130348383,1,1
18,6,38,27.909867645262555,36.70103424665185,0,0
19,5,16,15.077209134429475,35.21621125731331,0,0
22,4,29,35.145699473560846,30.841526429401732,1,2
20,2,43,36.64560292924606,20.842279173454962,0,0
3,4,41,10.028573099514704,33.54139316308137,0,0
16,0,40,2.7694899809826925,22.270823443980092,0,0
7,2,30,16.103221824100988,30.472368662010435,0,0
1,2,22,21.07925665532858,33.25989760423241,0,0
15,4,48,41.522125696141536,39.65600136248883,0,0
11,5,8,8.966100174396274,31.725526486036095,0,0
11,3,47,26.826573465046476,33.85282943812855,0,0
15,0,42,20.68488085601386,26.168063514617494,0,0
8,5,8,16.237008996728697,25.324946421338606,1,1
2,1,38,2.180392172497103,29.56941474160316,0,0
18,5,29,46.583460844144106,21.690176547001762,1,2
10,1,40,8.777438929891519,27.551978798255213,0,0
7,1,42,43.781428393841814,23.496632034795194,1,2
18,2,18,18.300856325914065,21.177605564602665,0,0
23,2,29,34.966609536810054,34.79812874211055,1,2
13,6,15,4.288974743295632,28.057495440614986,1,1
12,6,22,23.542726962037854,24.406142694979145,0,0
22,2,13,38.182486265428075,39.05961561239377,1,2
12,5,22,0.5142279905374358,25.92781780984813,1,1
17,0,18,30.872331994381376,34.544823345793404,1,2
10,0,19,31.171609080192162,28.366233387728244,0,0
21,2,11,48.85048093148438,32.6308382905912,1,2
4,3,29,5.781607106828207,24.344522031387328,0,0
19,6,42,12.369139528697032,27.232503744148623,0,0
1,0,20,24.489656365709457,20.664075189136447,0,0
17,2,20,31.98308621146487,38.475764690955934,0,0
9,1,7,42.798177548375286,33.14423257046201,1,2
6,6,22,2.9181594643210684,29.2035403524063,1,1
19,0,23,25.948646075802678,22.87796891230758,1,2
3,2,26,45.22588395634424,20.445474074748482,0,0
10,6,42,43.37857571106654,23.822531866484546,0,0
18,3,11,36.118008224962594,36.78973905339605,1,2
8,4,6,33.65900375473245,32.01545518820424,0,0
23,6,20,11.098193349512348,29.25440037148845,1,2
22,1,9,32.50581954766502,22.495201224595867,1,2
8,2,36,49.68890513456888,22.965568915405463,1,2
8,4,2,17.10951261334892,33.15662447519432,0,0
22,5,31,18.44001160019068,27.428847259769274,1,2
2,5,5,8.359694384383292,29.167737259126817,0,0
0,3,14,23.542051828629173,30.62105849409172,0,0
9,0,21,46.4476862453438,31.23811417420991,1,2
22,4,35,43.50733394868213,27.995451658068248,0,0
13,3,11,10.636020917961448,33.51502247334852,1,1
21,6,2,17.727949460373765,35.49452372030895,0,0
22,2,6,30.59813855832943,37.31634385471264,0,0
7,3,43,23.882880161399374,25.398348369414595,0,0
15,1,30,48.60552230243435,23.349062116724852,0,0
0,2,31,17.074713169004102,26.80923309107761,0,0
8,0,15,4.296771017133199,36.66494397235408,1,1
17,0,14,13.824850578702359,39.46475266730875,0,0
18,1,34,39.62328072899394,32.04295987144226,1,2
0,3,45,25.118362571536203,20.05655106440259,1,1
2,0,44,23.441251105654203,23.72667001441265,0,0
13,3,45,27.51862169456998,36.33612246126249,1,2
8,1,15,34.8341036216859,23.329837236995584,0,0
22,6,43,19.35495236252971,23.197482758121765,0,0
2,0,48,6.122193071197213,36.49727592191857,0,0
7,4,26,49.46127263559434,35.08377813386412,0,0
9,6,30,0.49756753271159027,33.16805110134962,0,0
23,3,36,6.033015053720248,22.407919369047402,0,0
3,4,21,46.1150976955011,28.930420453546972,0,0
0,2,40,32.54149805303084,20.139885387452196,0,0
10,2,3,26.877736315801233,30.612797268752423,0,0
14,5,41,7.132176454255667,35.24175641874036,0,0
1,2,31,24.746851323149226,36.05545703806876,1,1
23,0,13,20.122354608602517,34.53523437383494,0,0
10,3,22,17.484817459012625,21.287853141423565,1,1
20,2,9,15.257714884270051,25.74856794822665,1,2
12,6,29,2.9750079271580687,20.326532060842425,1,1
22,4,3,14.75596268721432,22.635451000014363,0,0
12,5,7,24.252836458579807,26.62568508466451,0,0
23,3,37,45.487946082319866,32.41290386885818,0,0
1,1,7,26.32935837531524,30.31882434693437,0,0
9,2,47,17.610622280439642,34.91489265875737,1,1
4,2,17,11.051881587208795,37.514127145413944,1,1
4,0,45,33.6030468376123,22.721411384282927,1,1
21,2,18,29.549599332482646,35.194020832888384,0,0
23,6,15,22.52615377751358,30.98190274536068,0,0
10,3,38,16.280201583059963,30.35767318273716,1,1
7,6,24,43.73018235227829,30.043490243326033,0,0
1,3,15,23.97789315121705,32.575673746286775,0,0
4,1,29,14.295844682495352,37.113371492700864,0,0
17,6,30,26.915424681681316,26.48330491555873,0,0
14,3,47,22.743580181493407,37.46229567401143,0,0
4,3,3,39.35811679399765,27.867307208428137,0,0
9,5,44,20.855773684523417,24.696811961211786,0,0
13,6,23,13.552821400419779,35.307655053364364,1,2
14,0,32,34.36130001374327,30.603577553023342,1,2
6,5,34,25.50854246049666,24.008016412161137,0,0
8,3,11,39.865469471028845,30.685245418950966,1,2
22,4,14,26.83032673046813,20.071260796726566,1,2
14,5,49,8.032582318385973,27.421383260558073,1,2
9,6,35,13.80270860647504,28.870801258610715,0,0
21,4,17,47.07101496749851,27.70806873359462,0,0
2,1,43,10.405268415879593,29.299129117152276,0,0
8,3,46,45.52056198834262,20.106771886080825,1,2
5,1,3,21.560048649249847,27.610944234999973,1,1
18,4,32,34.05010309831021,30.33442934084869,0,0
13,0,29,48.81463439911168,31.611082059992935,1,2
5,0,15,27.969649963536174,25.74864470132006,0,0
14,5,31,25.033467736589927,29.82905447633704,0,0
1,0,3,37.24032492502944,23.49589695821962,1,1
15,1,33,12.335353681814059,31.78967711759028,1,2
0,0,12,36.64296173865756,22.775689263290378,0,0
3,2,48,20.367745749885547,26.194476743186982,1,1
21,0,14,29.230638731299983,22.132768197075634,1,2
1,1,28,26.133075105977444,36.562368881683405,1,1
17,0,22,48.923814750724056,27.01570465877834,0,0
5,1,28,1.3349766004380759,24.370370531197555,1,1
22,6,18,4.889370256079179,27.959214959493124,1,2
23,4,26,31.750926517202473,30.34152236637099,1,2
18,2,14,40.715541281362974,23.583522019492314,0,0
4,2,37,3.6000168654881923,29.61244768507565,0,0
19,0,18,37.55668974115054,38.002009919532355,0,0
11,0,43,46.32387279588142,32.717734956687266,1,2
5,5,10,19.919613543504948,38.77470424367567,1,1
21,3,44,26.60468984336274,23.137292901926777,0,0
15,0,6,43.11659514530889,23.718221311306113,0,0
21,0,29,34.65648420305503,33.16683864630774,0,0
8,4,26,39.114011599563845,24.944058054546666,0,0
5,5,27,44.67741501074157,28.060938202003708,0,0
10,6,38,22.79408860325123,27.57520932528638,0,0
16,3,11,3.6523404353890285,25.58811925729802,0,0
21,1,24,32.170237175807124,34.6782053119593,0,0
0,4,37,42.93171913447881,36.090397052462926,0,0
15,1,25,10.769476330186395,28.308441500655363,0,0
15,1,1,40.716908929459166,30.87554413068427,0,0
1,3,2,42.67571219152985,36.255187369914424,1,1
23,0,9,25.213628322365068,24.687417597843613,1,2
23,3,29,20.59174751830507,33.69230199917009,1,2
20,1,47,37.4169943356847,31.156441976730008,1,2
15,5,14,7.5267418221126094,37.68407801709585,0,0
18,0,22,26.541126444229395,25.267911249856883,0,0
1,6,27,3.6873705540316326,30.014102286575934,0,0
15,6,8,33.86729707048852,36.43669409257825,0,0
17,4,45,47.84779250801243,33.36371306098363,1,2
4,0,38,7.263360539222502,32.862738754487175,0,0
10,1,34,17.84051444960048,39.01243228559683,0,0
10,3,46,29.576411033423934,37.42676853489698,1,2
5,5,25,23.196201561882717,25.315956404432377,0,0
20,6,33,34.075353712208155,31.93434778728868,1,2
15,4,11,25.72014654083732,35.96942686747412,0,0
13,6,31,3.6747780370535166,27.083694590552653,0,0
4,4,17,40.19859291049672,20.811380712689076,1,2
6,1,24,11.2527179212906,27.04169911807493,1,1
6,4,15,24.350181445731874,37.786338131712206,0,0
0,1,9,37.686735999011894,31.532787409822127,0,0
21,6,43,19.406348508504628,28.961444574594243,0,0
19,6,44,46.18499112035531,26.03001133803674,1,2
9,5,10,31.768994689021017,35.768541250681686,0,0
21,1,24,44.2215985158598,26.518617369289693,0,0
11,4,12,37.23951485648132,22.18214192563369,1,2
22,1,2,1.4800301231713497,26.613998879272344,1,2
5,1,18,49.053719361808824,39.62104357455706,1,2
1,2,16,28.894370904990996,20.61726020007667,0,0
22,6,11,27.99006900692144,23.629448202222836,0,0
14,2,15,11.653352869828149,37.1264937017629,1,2
20,6,45,35.168304715580696,21.535983638427297,0,0
16,2,35,41.313742510414315,36.11436294739084,0,0
12,5,17,8.28465419080191,25.935432327994647,1,1
1,3,33,8.220968474138962,35.759379672076626,1,1
14,5,19,31.778267338760884,26.99883478180642,1,2
7,1,14,19.768899839080717,21.381699550849227,1,1
21,0,1,35.607900083999745,32.9229938187688,1,2
20,6,32,38.04833463438106,25.28000002030094,0,0
4,4,39,40.875491585011744,23.62749280937418,0,0
11,0,28,16.068526474900107,30.699047414611247,1,1
2,1,36,42.454458080703,36.56046368652406,1,1
17,6,6,28.550259494992464,23.65322070184645,1,2
5,1,6,36.13336261771997,34.494681532030114,1,2
5,5,48,3.129430702456293,25.63361723340676,0,0
5,5,41,19.33822800189338,23.107422782494954,0,0
1,2,34,31.249615389926237,32.34611318358306,0,0
16,0,35,38.69073379301596,30.166909651056066,1,2
10,3,15,49.58609646266739,36.842407851160786,0,0
11,2,26,22.5005214816096,23.206561319648277,0,0
20,1,22,0.9205343883480155,28.907264396503145,1,2
7,6,2,9.499104568192474,31.87941044823826,0,0
3,2,45,19.056794047202548,31.603875443624627,1,1
13,5,26,7.771781873721589,33.590334985041956,1,1
16,1,21,35.01782156008949,30.825547090153513,0,0
21,3,5,0.995571676500584,29.88751918547917,1,2
23,1,21,29.769997771889734,25.298172808160867,1,2
11,5,5,20.054583045465584,25.54898883158232,1,2
3,2,30,45.68648444700998,21.961428493696364,0,0
19,0,46,0.11492219232550616,39.92946527502042,0,0
10,1,30,40.00827908962577,30.818624809575116,0,0
12,3,7,14.071138616029867,22.212438955023366,0,0
10,4,49,6.518521160293017,32.006894221722774,0,0
23,0,29,21.631516054015563,38.25711796548253,0,0
14,5,37,31.24203749228539,30.69838697402013,1,2
9,5,40,13.253080540714263,22.067468755088097,1,1
23,0,10,13.199028515440075,39.737198014538464,1,2
4,5,35,34.438508729457055,33.52780128769426,0,0
13,0,2,14.816658363190449,27.467891908832485,1,2
10,2,19,16.81669388016447,22.159609878434452,0,0
11,6,46,47.11507078278613,37.17219578332031,1,2
13,0,47,35.16925134253906,36.84251797120167,0,0
16,2,34,2.41081260072043,25.87371337275151,1,2
5,4,26,6.195135380073613,32.6724699871078,1,1
4,1,3,34.46330891289523,37.551951392184876,1,1
14,2,16,14.948104731894707,32.565191046102036,0,0
1,2,44,3.0511217074753905,29.8917829972788,0,0
8,3,17,16.360531112837613,24.351159936182803,0,0
13,3,35,43.771296826628245,25.30312971963125,0,0
1,3,5,48.24158421420912,30.63637992037883,0,0
18,0,17,27.525571741700418,29.66550101665807,0,0
19,0,35,4.765885755048316,28.697958610247078,0,0
20,5,43,48.10229275343862,30.0939970295329,1,2
17,1,32,41.453281838244806,35.44282823527179,0,0
1,3,40,9.688458292511253,30.659694044713103,0,0
4,0,19,0.8298927490887398,37.02207423157365,0,0
19,1,6,24.95514678040063,23.18798955115701,0,0
13,5,18,21.808953125387266,35.02307156477808,1,2
5,2,13,38.047501227662245,22.793315343981856,1,2
8,6,37,41.23702478185638,31.92011202933943,0,0
17,5,28,46.906246030655865,22.050412251091387,1,2
5,4,11,40.18991149044729,26.570691232753813,0,0
3,6,30,42.754147569652254,36.347334340946794,0,0
6,6,48,26.77268318034285,24.5469074650347,1,1
18,3,41,38.637006799759185,27.089034250587,1,2
5,6,18,46.48786631176857,29.788996991706043,1,2
15,3,26,25.15693660231706,23.15613715806866,0,0
21,6,49,23.531705889514104,33.28697550337437,0,0
18,6,20,30.655083350996172,33.37167468216412,1,2
2,2,27,19.986669409139495,38.330494703287016,1,1
22,6,34,44.18188437292683,38.35146051446023,0,0
19,1,44,30.775784092705145,37.05073585015491,1,2
12,4,4,45.65728231187015,27.863818581953417,1,2
3,4,37,39.942556227854794,35.97271599116175,1,1
11,1,35,11.095995672892334,22.01529512728959,0,0
18,0,39,14.158640952169815,31.279730371650945,0,0
6,5,11,43.367287964278646,34.42430798040227,1,2
23,4,14,11.970777245295638,25.531031726300014,1,2
15,2,31,47.70778987873812,24.374590439805672,0,0
13,5,32,14.85791621379281,28.111466759274123,1,2
19,1,16,25.63233653291026,25.34949999505751,1,2
4,4,8,34.824110315581976,21.673693387215792,0,0
0,6,32,25.271148756637686,21.464096837620804,1,1
2,3,12,36.97305278389674,21.397526926023907,0,0
7,6,35,2.3297161634738606,32.50005591298219,1,1
1,1,24,8.028960122593704,21.766300345652553,1,1
14,2,41,48.376483194297705,21.95149154363063,1,2
20,0,33,37.91484867046583,38.448591025036734,1,2
5,3,22,11.473741084177208,23.875111681849013,0,0
9,5,49,41.86895680459429,27.155417313332453,0,0
6,6,48,29.452968523852014,22.52577088494213,0,0
14,6,46,12.919493227928486,20.207438186968815,0,0
19,5,15,3.4458298932241505,38.57527161131071,0,0
14,2,8,15.305515847130513,35.86468666521802,1,2
23,3,21,3.3092727275358613,29.68515673640014,1,2
21,3,9,36.003536620684855,29.760128619445975,1,2
11,2,5,17.791968126253376,22.62365813531503,1,2
15,3,49,49.096195971255604,29.154429809786848,1,2
17,4,20,48.989987966888435,39.71055593518022,0,0
4,2,23,2.191256958184107,38.343898557215766,0,0
16,2,40,37.90071950926909,20.039872738073377,1,2
20,2,20,7.2252989446763,34.00526890167755,1,2
6,6,31,16.685342593269542,30.15563069871609,0,0
12,5,5,0.3072359465991825,22.30457273599025,1,1
10,0,34,20.06112131126908,38.823435370558926,0,0
8,1,35,3.240885871334598,28.432934136203972,1,1
4,2,32,33.29965895594212,22.201779827040596,0,0
11,6,39,48.44662479949996,20.035501554797147,1,2
14,6,22,35.179693141436516,27.226712662895068,0,0
22,5,43,49.15025268503023,29.03003702472259,0,0
23,4,39,25.291625846706157,21.356451100282957,0,0
10,6,27,17.839064439181406,28.029907745174356,1,1
19,6,16,33.23257774588005,21.219193554544788,0,0
12,2,29,19.291202081730823,34.5661605683245,1,2
4,1,11,33.28274481639218,36.08095819057066,0,0
9,4,26,4.275880532795917,22.55764200077603,1,1
10,0,41,1.9988806451612162,29.485284746501566,0,0
15,2,6,49.84216855382337,39.2724799444793,0,0
21,3,22,11.500431748061752,24.287978644258438,0,0
16,1,27,6.121537954120132,30.915084833822743,0,0
14,1,47,5.97210899062231,29.133385351372183,1,1
17,0,12,45.46492265491248,29.617854191188677,1,2
0,5,12,28.789000666119534,30.35922148290154,1,1
23,5,48,44.348129923288084,33.89055098265973,0,0
10,5,5,29.317840119908745,32.47983337570831,0,0
7,2,36,36.770433821192704,30.20743151652885,1,2
5,1,18,32.70010061113475,24.65947399127365,0,0
1,6,15,29.96117270049648,32.789861563407186,0,0
1,1,46,0.21838578818474397,22.24327416139595,0,0
6,5,5,43.42696564340995,37.15121207722808,0,0
15,3,25,40.41341827404442,37.32748070652096,0,0
16,1,42,20.27413229334733,37.03709148739544,0,0
12,0,33,2.128184901352559,22.125792364355895,1,1
19,6,26,35.85968444869172,24.33094364465387,1,2
5,2,6,1.858595826743925,35.91118020252364,0,0
4,1,45,35.7218482885878,38.83145318433135,1,1
0,2,37,41.15175635352074,27.72172511055689,1,1
6,4,28,15.712819625781204,35.023058905872034,0,0
9,3,3,1.9286699677400931,28.76573215947819,0,0
5,1,47,11.486458558960933,39.8618742171894,0,0
6,2,44,10.865765532067762,35.485946341883036,1,1
21,3,36,19.00571402723986,29.734039115552353,1,2
22,3,29,42.060710986973035,23.5140318698828,1,2
7,3,36,44.68761332409135,29.161981358056224,1,2
3,0,3,14.201354982900828,23.343950682421674,0,0
12,3,3,3.1523547219579395,33.218485413248665,1,1
22,2,46,10.643185487624491,25.74374964537334,1,2
7,4,6,30.201149619208046,28.558159864727717,1,2
10,5,47,44.63925980212224,35.373586433254616,0,0
3,5,37,34.41744148663003,29.20633758142337,1,1
23,0,27,1.6670861254757974,26.531089636276086,1,2
5,1,27,10.521041813555348,31.183374005169043,1,1
9,3,45,18.099359328034097,38.75572272282822,1,1
15,4,19,32.32237216016072,32.75829585419014,1,2
22,1,9,32.4671617621938,37.0123309019375,0,0
6,6,13,34.92546779939091,23.37360095793163,0,0
8,3,41,44.144468558296616,33.6493613409516,1,2
0,0,36,34.616996573367636,37.090711254281715,0,0
2,0,39,28.50700312079975,27.586882595652796,1,1
23,4,20,32.94014531374043,30.864344926964247,0,0
3,6,20,5.397878967438219,34.76581482186605,0,0
2,6,39,11.141686992596561,39.54628741287826,1,1
9,5,16,16.47534568765578,38.70873985822534,0,0
21,3,34,29.393458199453566,30.633794634737054,1,2
19,4,48,0.40553403874622473,31.71514808432473,1,2
8,1,13,15.569955154918668,31.403259062379703,1,1
8,3,9,0.03631976045945784,34.46210608210747,1,1
2,5,47,36.05330848396745,23.25030344759533,1,1
4,5,14,48.739925829999855,37.90936955468513,0,0
15,2,24,33.92734544679709,34.358461012067636,1,2
16,5,25,38.447475784315884,34.8464193588122,0,0
11,5,6,34.69602207659786,31.957864597894016,1,2
21,0,9,32.10486927902904,25.67944115943098,0,0
17,2,12,46.553061968898376,39.704966747528,0,0
9,1,47,8.146235783534618,36.257070345711696,1,1
15,0,27,11.643277303395905,31.242371346314485,0,0
12,5,42,37.19720987122886,33.267300391763435,0,0
14,3,47,2.6118606130110464,31.683790226549338,1,1
6,4,2,9.034489997617623,28.028084611253476,0,0
3,0,20,46.13056401168346,39.45710763121745,1,2
22,1,25,22.53506551233485,25.99676174437446,0,0
18,5,46,2.38092106886994,34.32811932998092,1,2
7,5,18,26.125699790346573,26.322291087033967,1,1
6,6,33,14.941259701896353,38.42422330774605,1,1
11,0,16,4.288419878041433,20.232149078362266,0,0
8,4,42,11.242846736519324,22.020743400150536,1,1
1,4,22,28.021232821105073,25.035323321305512,1,1
16,2,25,4.425819360599692,24.283052009789866,0,0
9,0,18,41.383357519988216,38.49519620498778,0,0
5,3,30,48.090246501815166,34.5707187459582,1,2
1,6,10,32.664328213909,21.838923149300086,0,0
12,1,3,4.735316442015941,24.912492167090143,0,0
10,2,21,17.085304455368256,30.222630238103463,0,0
2,2,36,3.7285720526889166,22.533477060588933,0,0
21,1,4,46.80580485499771,35.05405031160496,1,2
11,3,48,21.706505384882384,24.071684275397196,0,0
19,5,8,35.09472831223638,32.05431874522787,1,2
4,0,22,29.97223066825823,24.269999543815672,1,1
13,2,30,28.29277792620421,22.817573309993097,0,0
20,1,8,23.36198935507103,37.10528577120873,0,0
19,6,20,26.24340803891969,21.044898156700103,1,2
9,6,35,43.74441390592763,39.911967656918925,1,2
17,4,48,35.115285127565784,29.272283461646804,0,0
4,2,36,30.365502215189284,29.45410189090586,1,1
19,0,12,1.6253966843401357,30.854852568632033,1,2
0,3,20,21.155781806491813,39.64954831554816,0,0
4,3,29,12.929891527819121,32.18433848161375,0,0
9,1,47,46.51168560981256,30.44197246792119,0,0
18,0,43,33.878018208253735,24.151091611882094,1,2
15,1,34,29.87313207925157,36.366519900059025,1,2
3,6,48,13.813103177831405,37.22201621646927,1,1
16,1,12,22.424498251798514,28.11207258283213,0,0
10,0,20,27.57148484419768,32.517111122524575,0,0
11,0,14,36.76521187056429,37.28658949749996,0,0
20,3,27,42.329080758591914,38.1565556058255,1,2
17,3,24,30.46966672131356,32.04576615322388,0,0
4,0,42,30.901236136432956,21.272147977912574,0,0
12,6,32,32.57414835789339,28.672737204043965,1,2
0,6,7,7.568225589789767,27.42536052037915,0,0
15,1,48,6.623891838646739,31.035466800025223,0,0
5,1,9,16.376854346761792,31.151958810260197,0,0
1,2,31,24.362131581431733,30.229831532542008,0,0
12,3,12,17.18984315710066,33.57961364757282,1,2
8,3,35,47.45418698417583,31.116541445252484,1,2
16,0,12,7.881449374822175,23.3311321177564,0,0
15,4,36,45.002786797693545,26.22342165106544,0,0
5,6,10,33.3154105346976,33.085765626602495,0,0
19,1,26,11.971956656014926,35.59749576329007,1,2
0,6,25,25.254766780750142,33.98231186895869,1,1
15,0,26,10.247634457897819,30.60802176816494,0,0
1,3,42,38.738049852786666,27.81540394461824,0,0
9,4,1,49.07584710917274,32.672341767670495,1,2
0,2,5,30.327636438511558,24.14995099424226,0,0
7,6,4,49.60152611402448,31.995670293183238,1,2
13,6,4,2.3625158054043416,24.3364959224489,1,1
9,1,48,0.9416419904251572,34.425831309321445,0,0
9,4,4,22.85653323042583,20.049229991179317,1,1
2,4,6,11.56276772364626,34.19012648604197,1,1
8,2,42,0.16102202847795843,37.48274347414884,1,1
17,5,27,48.70690534372635,20.009558333504195,0,0
0,3,31,21.855654992609352,30.4768909936033,0,0
11,0,9,13.233793441432434,26.856312636251406,1,1
5,4,41,35.76201208575435,34.63555108113087,1,2
16,4,2,47.9985464383952,31.984061236557146,1,2
1,3,29,33.58769861732377,36.08304629920852,1,1
10,0,39,23.740967481258835,24.547242939922278,1,2
20,1,38,49.73943638331805,23.059820018644416,0,0
19,5,26,10.711326562448043,29.04584795021428,1,2
13,3,8,12.029373686526402,35.10401402856393,0,0
0,4,23,35.693119371229024,32.55635576282814,1,1
0,6,22,43.684905641574275,27.89501348579639,1,1
13,1,12,17.623993821617486,27.246162330033062,0,0
21,6,16,31.063109877687246,21.999705413621623,0,0
16,2,12,2.4226769241709247,29.766004142056836,1,2
13,2,48,23.943629707195313,28.610869653723036,0,0
8,1,6,38.083161210758455,29.449188660711282,1,2
18,6,21,14.575471538678613,31.888435045191525,0,0
23,6,31,36.412533317986245,27.17712252321337,1,2
19,3,9,26.01871271984788,29.700346119318908,0,0
19,4,33,13.8407043666762,26.534337410207456,0,0
5,3,2,15.60320244103277,21.097815510362715,1,1
4,1,26,39.683328936829014,23.994453612058205,0,0
7,1,29,48.6106059880299,37.73077479570818,1,2
22,5,12,33.335279944390614,21.01200734895614,1,2
20,1,20,5.4399348684708695,31.096782195772434,1,2
23,6,20,46.43987750419674,24.561959502521688,1,2
13,2,15,26.18638721907713,24.787541564085426,0,0
4,4,27,42.56906883644799,28.50779167615579,0,0
9,4,26,41.5995414849416,22.507971726951006,0,0
5,2,6,8.781452270185074,38.439891074804635,0,0
9,6,23,22.446322303025397,33.19432123815903,0,0
16,3,8,18.178236988433532,33.84703332577749,0,0
14,1,28,47.21387111472863,39.2405456004965,1,2
22,2,8,11.695163049628377,30.515834388288702,1,2
11,3,41,22.913149633777525,22.279902928174312,1,2
10,2,45,6.068818703453371,37.02754773452602,1,1
9,0,5,26.02510085511227,37.711109212243585,0,0
2,3,46,47.40765072659748,36.32134054255354,0,0
17,6,7,40.50369134447041,32.61185898348805,0,0
23,2,20,28.730218897947786,31.151408031282955,0,0
20,5,31,47.09305255040252,31.648067068686775,0,0
7,6,22,10.876133164630353,35.84535369723788,1,1
9,0,33,3.2264372457218418,36.43647419750539,0,0
16,5,36,26.809235380259,21.578735002261862,1,2
14,2,29,5.332009909712765,20.552838205285322,0,0
17,5,23,49.3346606358952,35.90181820124581,0,0
12,1,17,5.5368594802618185,21.180865646176606,0,0
10,1,37,22.90539548534375,37.48500133220191,1,2
0,4,2,30.365359898180856,26.645187764146243,0,0
9,1,37,32.85678531897514,34.76838291922756,0,0
11,4,17,34.02946252714904,31.163273114345934,1,2
10,1,32,9.799429762372858,21.613566138693738,1,1
18,5,21,13.387240570995845,28.010066836859373,1,2
1,1,26,27.542349725754356,29.714336962245852,0,0
3,1,44,30.7247936473314,31.56799793808197,1,1
19,5,47,21.64866854517461,26.18594472191893,1,2
8,0,17,10.165068637619774,20.17467661865204,0,0
20,0,47,16.01238186409913,22.24348707402436,1,2
12,4,13,27.055964195980938,32.97261949841717,0,0
21,0,11,12.817218473462733,21.363735176023482,0,0
10,5,17,16.663080443232875,36.48105233648001,1,1
10,0,2,26.968028301415192,24.558487399331728,0,0
19,5,26,23.771840743910378,31.41551176982102,0,0
9,3,24,24.440606689160997,23.725399276932208,1,2
1,3,17,20.509213882736738,31.894046668357657,0,0
12,0,42,29.06544920579063,25.802325494118,0,0
11,6,46,20.77485947477457,21.066013066726548,1,2
11,4,21,25.48281979561166,36.24520876594988,1,2
23,6,24,42.596367864529036,30.39278225590595,0,0
1,5,35,30.334923364981396,38.808956008373926,1,1
4,0,35,10.307934285509457,23.80720200071812,0,0
17,1,21,31.40624009385999,24.04414096974822,1,2
20,6,49,30.281741005152092,31.607116794664236,1,2
14,3,25,46.97255120139425,31.848942908818415,0,0
20,6,32,42.356850465773825,34.58688514969582,1,2
1,4,1,28.035399232155534,38.11289705106468,1,1
13,2,43,10.28245475836233,35.94767882614461,1,1
17,0,47,48.1277918607742,35.170390863189844,1,2
19,5,21,32.149055296555105,31.498328224738373,0,0
6,1,19,27.914632217129558,28.2837526507207,1,1
17,1,10,46.86491578108684,33.9077314758837,0,0
9,2,12,6.728380188509053,30.49495469207081,0,0
7,4,10,21.825821527319917,36.536353799458716,0,0
11,4,37,47.32222181023529,38.10197572310183,0,0
14,4,49,39.07450799499841,31.000340162467303,1,2
10,0,23,12.926633385561138,24.570063671278554,0,0
11,0,39,10.806868405305769,24.559284805189485,1,1
9,5,38,46.67618077740141,38.998679873459466,0,0
3,3,14,41.707433554144714,26.90353611386736,1,2
5,6,4,41.137129881141256,34.58546660069736,1,2
7,0,45,19.300463007492063,36.67548172754222,1,1
14,3,6,29.572218565254587,24.1769256840283,1,2
23,0,31,2.7625882554239647,26.542474169396883,1,2
1,6,5,13.358879071445934,30.136139603185015,1,1
2,2,21,6.215160748038068,24.873562141230344,1,1
0,1,8,20.587620646942778,35.61238898037004,0,0
23,0,24,8.28035686370101,28.036381999390215,0,0
11,1,19,16.18231526383659,24.137983033804783,0,0
10,3,24,21.70383135520052,25.709166801042294,0,0
16,2,34,18.903308005087855,27.34848290664869,1,2
10,2,12,27.55948533474043,38.16552043353897,1,2
6,5,1,36.456012462391655,21.99526766852161,1,2
14,4,43,20.745793850161654,29.11746866741607,0,0
3,3,7,46.89689919305554,37.38330028541111,1,2
15,6,5,4.225860650555324,25.837430595842672,1,1
13,1,1,19.17123951555222,33.09337140537761,1,2
20,4,14,21.74870085879974,26.25621869168932,0,0
10,1,29,6.5943967134572015,34.68860406430559,1,1
5,0,46,31.9599680475673,35.239873650041496,1,1
6,6,35,17.870398346281547,32.30889927451299,1,1
0,0,32,4.4468489420587565,22.556395963272994,1,1
21,2,41,34.289577033827875,22.317566030612635,0,0
4,0,39,23.941713993275755,35.23043134922997,1,1
19,1,18,1.4453827253130713,24.990747287034935,1,2
19,2,5,17.120740478227013,22.038385515001515,0,0
23,6,46,46.005229858118085,32.37051666316414,1,2
14,2,24,44.03012550191101,30.163381758023675,1,2
17,1,9,34.94195656993629,28.49013383971347,1,2
16,1,19,8.94194684888387,37.0407304604402,0,0
16,6,8,23.6290295089229,23.83235915244911,0,0
16,2,30,11.457746242229616,28.81212760890562,1,2
19,4,30,8.086898823080462,34.33029290650309,1,2
19,6,10,13.812033877584895,38.04805298136817,1,2
12,3,36,0.8829213130075564,24.12621774773399,0,0
17,3,42,25.14470536124685,35.150606299285464,1,2
8,2,28,9.15179709953669,26.67353553742492,0,0
18,1,8,29.202867574908687,35.76272200334667,0,0
3,5,45,26.230931889865772,23.09022733856244,1,1
7,5,21,39.895976377179124,34.76432741132032,0,0
20,4,28,36.67025649431551,26.192136130994967,1,2
12,3,5,5.065358206206028,28.139248432155917,0,0
11,2,3,33.64899927736039,35.12801941423151,1,2
20,2,15,38.57646023969911,37.988791078150356,1,2
14,1,18,0.41032519075278606,30.152617206780704,0,0
10,6,36,42.691607373527,38.134312047628256,1,2
20,4,48,32.658238992913994,30.32065549263444,0,0
7,1,11,30.54793683213766,37.9579168993917,1,2
15,0,16,46.078971713810205,23.771655596714332,1,2
1,6,19,22.68577015559119,29.018644430500466,0,0
22,0,16,1.0215407712677316,27.042510901247688,1,2
20,1,29,43.49255030228098,39.56612750859583,1,2
14,5,18,10.955970251765168,25.26606586218387,0,0
14,1,34,23.34298908040252,22.2502391358794,1,2
23,1,20,15.82313515436134,32.5440179653997,1,2
19,0,20,24.835344834845614,31.067982815751108,1,2
8,4,48,16.761567913142056,23.306611392930662,0,0
1,4,45,32.146637509016976,22.487831935187867,1,1
5,6,43,21.04539781429714,37.836490481676755,0,0
14,5,13,28.485242702554963,25.96496472865938,0,0
11,0,38,32.60656221793505,38.17122780751085,0,0
8,4,15,49.97234657431404,29.445293521452953,0,0
11,0,37,42.31679060876292,20.2002040632669,0,0
13,3,11,10.8396552563711,24.4875982871985,1,1
20,1,9,3.220356177068584,23.359897824036874,0,0
0,3,27,31.271089263764395,36.21452918937959,1,1
12,5,31,45.178192860791825,29.194174054587204,1,2
20,1,29,40.490137376928,23.548339530183423,1,2
2,5,17,30.23546576933572,24.002933179864165,0,0
8,5,5,4.774157167458126,27.93537217931579,0,0
20,6,30,1.005746077806774,35.89682436546351,1,2
9,3,30,15.00688427726667,20.35292635049054,1,1
20,3,40,21.437468867041748,35.180847280544086,0,0
3,2,39,43.07826381096927,23.800169921820164,0,0
2,4,17,8.363351879868631,24.405415608529022,0,0
19,0,27,15.799498973924987,24.30778042368648,0,0
20,6,25,42.63902961416496,29.276998558070183,1,2
15,0,30,1.2800434445693398,21.748942510603293,1,1
21,6,40,42.39222015604653,30.087906794578995,1,2
19,5,15,43.65937198957903,25.008981544344504,0,0
8,2,15,48.62638551511759,23.646382888857186,1,2
14,1,6,26.496939570245527,38.74812545076734,1,2
19,4,33,10.11927711002647,24.516992552697396,1,2
6,4,45,29.529550499695965,35.45340437975754,1,1
23,2,16,11.761035743605925,29.465758939611668,1,2
11,4,49,26.517869775418472,24.90431926759244,0,0
18,6,21,6.132354337360379,33.47116734544462,0,0
9,4,8,19.91225352896851,37.386345240404964,0,0
3,3,47,11.594849027374831,22.362853438336643,1,1
12,0,29,37.67736647727266,25.983868995895158,1,2
12,3,41,37.09964256010363,38.02701072360357,1,2
7,5,39,45.202351974528284,25.8078271307282,0,0
18,3,31,12.654301093268394,37.960744344536806,0,0
22,4,22,15.717888408327196,30.12487759376331,0,0
1,3,15,23.26175284792616,38.290865457897226,1,1
13,1,46,23.67817035854463,32.71642966459569,0,0
3,4,21,33.3918060437853,28.525733711367657,0,0
4,4,47,28.753744079387932,27.092281816577362,1,1
21,6,15,41.82027585927343,22.413297897288597,1,2
23,5,20,49.88679321434333,27.4941022483138,1,2
23,2,10,37.42524354127957,25.678011812761277,1,2
21,6,39,2.030879533139307,31.8143307735062,1,2
14,3,23,39.09367375058338,30.34785359089524,0,0
11,1,28,22.28298425472798,38.188187817688316,1,2
21,2,23,19.051943171874473,37.425033185258854,0,0
17,6,36,16.872864863293973,22.8894390344399,1,2
17,5,7,48.10612115065019,28.62495751248326,1,2
21,5,34,23.900004342569986,35.18834546899947,0,0
16,0,36,39.38908440707637,33.131825885486926,1,2
12,4,4,28.14457742885458,28.279161398116855,1,2
16,3,12,42.02119979531182,26.040181051270956,0,0
12,2,40,15.224123612489304,39.99975705972047,0,0
11,1,4,41.620231628012334,24.590018356842695,1,2
3,6,24,35.08264804164969,21.963664891138762,1,1
10,6,16,27.77448847926316,22.834869052611634,1,2
18,2,12,43.0341433985857,23.93341885248998,0,0
1,3,43,38.31032502053917,28.053855986342793,0,0
3,1,26,35.694142599680276,24.06003998780711,1,1
12,1,25,46.499399111619624,34.654650815061665,1,2
14,2,27,43.39426178931126,24.57665643006041,1,2
10,4,26,19.96266892802524,27.757790905973415,0,0
0,0,2,11.267956642542654,24.703447841255016,1,1
4,0,49,45.47658736518335,38.9200770953498,1,2
1,6,48,9.987509591128108,27.7549909248494,1,1
22,3,1,30.62243649014491,27.93803086995137,1,2
17,4,33,20.16525201596846,20.116637780476903,0,0
10,4,25,14.897020420756718,26.385527792676548,1,1
19,3,42,29.002511304169694,28.21477003024471,1,2
1,1,42,39.143581381981235,32.79101292553726,1,1
12,2,24,28.97428594519253,27.39939454534502,1,2
15,6,35,48.942565752992216,31.332301704938818,1,2
7,3,41,35.01400076459787,30.65705279343291,1,2
6,4,26,30.58352378995608,28.871873718126583,0,0
8,4,39,42.41424694735601,29.413859899829568,1,2
0,4,32,3.3939481866804124,25.13929453866396,0,0
19,6,49,41.16653604763495,20.40108936110735,1,2
22,5,44,0.7376081111509447,32.37330734099609,1,2
16,3,27,46.35951738857498,28.797498343084143,0,0
22,0,1,17.98217699385154,28.773603219397042,1,2
0,5,16,3.979946980943633,28.763510453035227,1,1
23,4,47,4.692572294554454,21.378331598338626,0,0
1,6,16,46.119811597659,22.098503219770006,1,1
21,0,20,4.8000854236330435,38.27362194624965,0,0
12,1,13,13.261265724785526,26.485877702336218,1,1
7,3,34,29.516581796803997,28.178279255356376,0,0
15,6,10,10.289428402269252,37.85160310937422,1,2
5,4,7,30.414626560801892,29.766645301241276,1,1
13,1,40,14.189482130455245,31.191228593230576,1,2
18,2,37,25.373078656722186,36.024665463968525,1,2
10,4,8,17.065376810992465,23.04763230585513,0,0
6,0,16,30.99904902342449,34.33117035516147,1,1
16,3,21,43.09333380569142,32.60512716233595,0,0
15,3,13,10.203868413794348,29.256586738886547,1,2
3,3,18,3.710240436273693,27.661711983690008,0,0
16,0,13,34.72043638282195,22.186552767528582,1,2
12,6,37,45.3100579804096,29.622896852496623,1,2
0,0,20,26.18782627433293,21.982884343084784,1,1
7,6,13,41.83559835190158,28.604883818227545,0,0
14,5,41,35.96326208426333,23.717299847336403,0,0
11,5,2,28.47060109070968,34.12088983146772,0,0
18,4,18,14.436592758642991,38.74556422544105,1,2
10,6,28,18.77620078537221,30.052142527950487,1,1
8,0,32,33.89058087978289,21.323560608309492,1,2
22,3,26,28.866969423974194,31.4296048572896,0,0
15,1,33,40.019420183805984,27.49879742093058,1,2
14,5,10,27.96803521374771,26.06172755041574,0,0
23,1,19,21.437602107329102,22.263532661892945,0,0
17,5,9,1.4883531792967586,30.70402141445769,0,0
7,5,49,9.84001944144799,31.475396327268292,0,0
13,6,46,3.5582791948647277,29.02332483339666,0,0
4,2,42,20.571626358070745,25.6701970257865,0,0
14,0,33,37.10442841919426,39.96816775602436,1,2
1,4,26,31.963183124679045,25.583220240361463,0,0
3,6,31,33.769560340429464,34.35115965481802,0,0
20,2,38,26.736061130113715,25.541311721019696,0,0
6,4,17,34.535115364779394,32.57871066796902,1,2
12,2,47,48.048144060455336,32.016210813218464,1,2
4,6,15,49.79423348662398,23.727377933831054,1,2
11,6,5,30.83149942772147,20.405530389238507,0,0
5,1,8,23.607790862372163,28.139615787180617,0,0
16,3,25,42.87465768859875,30.329362657745342,0,0
11,4,17,10.993652884092898,34.93204297842304,0,0
21,1,45,27.10673987709111,26.243085484052102,0,0
22,2,17,42.779378703857915,20.134483907926267,1,2
21,4,39,47.82039651380626,22.850465672045573,0,0
6,1,21,36.57187779258107,24.61361190989173,0,0
18,5,27,27.137265161629067,24.329612219274193,0,0
7,3,27,14.156783449219807,20.040094502829074,0,0
5,1,49,31.94450520081014,33.24344280593307,0,0
6,5,5,24.355522726450047,27.657780263814224,1,1
10,4,48,38.07633480486644,20.230790814629586,0,0
15,5,10,16.866864035271128,32.203071017023724,1,2
13,0,15,42.860161989909315,22.265217022156204,0,0
16,3,37,35.853993490575995,29.861033591240133,1,2
0,3,44,27.07112416822497,27.634414964040097,0,0
14,0,34,7.600284035990668,30.40234798872751,0,0
23,1,46,14.755018556950839,32.54821119221327,0,0
4,3,18,22.680061636991788,20.427208548498758,1,1
19,4,41,17.40420215074718,36.77020005670264,1,2
21,5,14,21.545309548017126,27.22384168004273,0,0
8,3,49,15.895973684988885,34.33282604994958,1,1
15,0,37,17.932713718817567,31.413609679380592,1,2
18,2,9,48.32204964439551,32.70685250164286,1,2
13,5,19,32.74945352204386,30.966546718557915,0,0
18,2,24,16.113990340693235,20.466709559932024,0,0
4,5,29,43.049975259416904,30.101075864297854,0,0
1,0,2,33.90169192170156,23.472171813581706,0,0
1,5,25,21.652613477057532,34.22425667276124,1,1
3,3,28,2.520173099742312,25.29113721988633,0,0
0,1,6,22.017559286053334,35.37155722665782,1,1
21,3,14,15.167459131126215,20.194599730637503,0,0
5,0,39,18.5093316791421,36.33751208302347,1,1
17,5,42,29.0670962755412,21.106107911078233,0,0
20,5,44,3.8924440728466845,30.48041603185102,0,0
2,6,5,13.578005509665475,38.361946824363,0,0
0,0,31,49.90368698817475,24.59797618772172,1,1
17,0,1,33.917268256136815,31.606340583419414,0,0
14,6,36,42.389881782261234,36.27913582628251,1,2
10,5,27,31.761746011373887,21.54032009449579,0,0
9,6,40,45.584165272309576,38.40065151876894,0,0
23,3,7,7.574636740472163,36.16920669571272,0,0
16,3,23,13.426600005993999,28.441007396761364,1,2
9,5,33,11.157692450806866,20.42271543697484,1,1
13,2,2,35.11990237329442,23.07466862715938,1,2
2,3,45,41.52303813121419,24.9405209067032,0,0
15,5,17,2.8591927580571497,38.620661734242645,1,1
23,4,47,46.188330444846905,33.19617626153615,0,0
12,6,19,35.20032314698546,39.8125186125159,1,2
18,0,25,35.10429101876051,35.132382457643445,1,2
13,6,5,14.11213684906264,33.75558645601307,1,2
7,3,36,46.29520250800315,37.96011440059592,1,2
11,3,36,21.915909588316364,39.48812618779819,0,0
12,0,10,26.306277161035453,36.41069180119801,0,0
23,0,39,49.16251273909263,34.12784285975843,0,0
6,2,29,17.34707691475587,26.216937269252536,0,0
19,0,32,35.95298991622665,22.653643834715517,0,0
21,3,4,18.143393797290656,30.71791489055276,1,2
2,0,13,33.637838837322064,28.224285958925705,1,1
13,3,27,6.449749071003557,37.26484030175898,1,1
12,0,21,34.54703501385129,37.20526211177053,1,2
21,1,20,44.86561141306719,31.549111113823447,1,2
3,2,33,9.820700368215402,38.020045469174335,0,0
13,0,15,39.41236780407689,23.62175711374763,0,0
16,1,24,47.73981694010887,26.802680196440697,0,0
19,6,25,10.304588220811539,28.052606581820168,0,0
23,2,9,43.099596216931026,23.428648241905837,0,0
12,3,2,16.27031470331032,31.188487173098068,0,0
14,2,36,39.89131096747898,24.330757790505803,0,0
18,6,16,18.41371784813987,25.161697815689788,0,0
14,0,34,41.927334722909904,29.511096053853276,0,0
14,3,8,5.310529777636752,31.86807151904715,1,1
13,0,3,44.33735524017922,34.83923103561965,0,0
12,0,25,14.292613977389395,26.806178530512142,1,2
3,6,43,33.97901043849524,34.26498517618474,0,0
21,3,12,40.0028027870353,21.82044636056129,0,0
14,6,43,41.46517050232647,29.80379173884105,1,2
2,6,32,42.838216884385126,20.625353900655703,1,1
3,5,26,26.657747413552812,34.641592046327176,1,1
15,0,29,18.154372624740933,32.821007337109364,0,0
2,1,34,2.1191272116448054,33.421106486330835,1,1
11,2,31,38.9818870017285,34.62624304607075,1,2
15,5,14,35.48632783527473,31.112839645079575,1,2
5,1,42,47.962882758906396,31.001061270048893,0,0
10,6,8,29.892522995365695,21.402519397086696,0,0
4,3,39,17.119336547284604,34.049127065892016,1,1
5,6,4,15.424482736444656,28.78255189280967,1,1
3,0,29,16.893465980661354,27.286435392181012,0,0
6,5,30,27.901044075706423,38.78345775256953,0,0
12,5,38,36.71378149810337,23.19538773645054,1,2
6,6,7,26.178294209283486,20.309689082836705,1,1
11,0,15,14.598803968651747,29.469955041827063,0,0
3,1,17,17.07848260429849,20.221456645643464,1,1
5,6,44,29.505015304835347,36.054444878397675,1,1
4,1,41,43.449044894988944,30.97325493114132,1,2
19,1,3,27.633351707325147,30.749337451711025,1,2
2,2,39,24.75977512481086,30.330883629317857,0,0
4,1,24,40.05283859357706,33.97154424936863,1,2
7,1,15,9.453634433264696,38.69395679705924,1,1
15,1,31,29.37394061353468,34.30156206216117,0,0
10,6,35,7.03856997527153,24.73607733827589,0,0
22,5,27,1.2990592362035591,27.071361327636435,0,0
18,2,4,46.979763605751046,36.956104367926955,1,2
21,6,48,42.81432602770378,35.24247366513195,1,2
5,1,42,36.664652228730304,26.824829013367644,1,2
1,0,19,49.92853962853405,20.373159250709328,0,0
18,5,11,27.750504471866616,22.58692203192667,1,2
21,2,48,22.053713175442024,33.8515016582404,1,2
19,5,36,9.426596470696385,33.31565470122996,1,2
2,2,47,32.75549821530153,36.92554833127632,1,1
17,6,45,40.00629121104801,27.031584768057648,1,2
20,3,11,8.206327341371694,34.38969049303381,0,0
7,5,25,18.84791824942097,38.087941991197745,1,1
4,2,7,3.634845050225022,38.86542044263584,1,1
23,5,38,48.60110289668897,37.92934737011336,1,2
6,6,12,38.021848341104636,39.088694825992974,0,0
13,3,14,37.796783768848655,38.77448059665548,1,2
17,0,20,30.60729088602353,37.66234227635945,1,2
3,2,5,2.545152174804477,21.487592600391533,0,0
18,4,42,24.522423638636788,27.0004136419222,1,2
21,1,17,40.61957895351298,33.92545194874728,1,2
5,5,9,8.851034266308389,25.729783295179736,1,1
5,4,3,34.70486731801045,22.348704214669702,1,1
11,4,48,47.54428548224958,34.752493562690304,1,2
20,5,30,14.089575664920883,32.087121901435594,1,2
1,5,38,11.666761872054437,20.865501972416595,1,1
21,1,47,40.737901801922135,35.453740416562326,0,0
9,5,49,23.643958362197733,35.23754535587576,0,0
1,5,31,16.742741978212987,26.121209062367463,1,1
10,2,47,26.13389488850283,21.77855214311148,1,2
19,0,4,33.408308533853095,35.45500958232925,1,2
23,0,37,23.83810574781834,23.747235683721513,0,0
17,6,2,18.645349069478716,22.200115903666923,1,2
16,5,21,12.167868280902383,24.45418509741819,1,2
12,1,49,13.215761302776968,20.816021311182762,1,1
18,2,16,4.4394346578028205,37.25450141398271,0,0
13,2,41,12.6455113540281,37.522950044296664,1,2
18,6,18,11.72757644678546,25.186092259624324,0,0
20,3,20,20.979447528310942,37.20354276292035,0,0
8,1,19,35.24537930572458,33.11011242234799,1,2
15,3,30,38.97341541476723,28.13505942568565,1,2
19,2,38,24.37696363237215,28.53905089691998,1,2
21,1,49,18.054656495336857,22.202928305628788,0,0
4,6,32,43.66424582463593,23.260445326703476,0,0
5,1,9,32.47807362909691,20.73071017705123,1,1
13,3,42,21.202719973019917,34.65242496633864,1,2
20,1,6,40.07318264648512,23.588278594362425,0,0
5,5,9,44.07577035813299,30.21976027402533,1,2
5,4,17,9.559467439323615,27.31415664483651,0,0
1,4,46,6.108867144349755,24.854827464834443,0,0
17,5,44,45.38657769736848,36.13401124381017,0,0
17,3,26,32.89634135643599,39.93986208490384,1,2
17,4,35,18.917707101992775,35.82625634436555,1,2
3,1,16,40.92668373704715,21.58779708836441,1,1
19,4,11,34.923062424470366,20.10558691686661,1,2
9,5,28,3.0861649545382788,26.04154672731348,0,0
20,4,18,31.069401387925822,30.483088784825753,1,2
10,4,39,5.499961093151273,22.079546848722753,1,1
0,2,35,43.79998412977897,21.567741013953388,1,1
1,2,36,26.553935760460618,24.18923850276917,1,1
20,4,32,3.145556374420877,34.723747659971394,1,2
22,5,26,10.713925002771497,32.92393046291389,0,0
6,3,32,7.228632163564319,21.22265401944411,1,1
17,5,25,29.53115148731359,23.370692085196442,0,0
15,3,8,18.053557431834193,32.857608944027234,1,2
10,0,32,22.389403691412134,20.07883703809795,1,2
23,2,47,39.2473912123623,29.680841171958175,0,0
13,0,35,27.3630367047406,27.323307068414515,0,0
20,0,2,42.6772244378899,27.32191579638186,0,0
19,2,12,48.68673009368473,23.726485884211613,1,2
4,0,30,1.869461710520487,37.03811480676953,0,0
14,0,48,9.637083904233783,32.091140179494744,1,2
23,4,3,39.543134937867904,31.22399773127621,1,2
14,6,26,37.333593819295224,21.140046282147512,0,0
0,6,24,30.45020233322382,26.9675145493322,0,0
7,2,30,29.972149583705388,21.600809064525436,1,2
13,3,2,48.04317745488737,22.830361324743485,1,2
2,3,30,33.69166561307794,37.65055099373526,1,1
4,2,38,24.332135476526894,31.355637770125956,0,0
12,2,20,8.198112649222189,28.940734451177796,0,0
22,4,28,0.8426365656804491,35.46557786026321,0,0
18,6,33,6.537391542734472,24.786932803661543,0,0
13,2,39,18.86692730313892,39.46403193192665,0,0
7,1,48,29.2019547973714,27.161442646118577,1,2
16,2,41,45.47026996081744,35.75014629636435,0,0
5,1,13,49.0761492185367,23.140693353580044,1,2
5,4,36,32.209749139700506,27.89395628060054,1,1
19,4,22,12.638443238970659,39.68823489416312,1,2
17,2,11,1.282923742383707,26.839015731355353,1,2
14,3,43,40.676326704712736,36.60377028922897,1,2
22,1,43,48.82521430739764,30.19344263868154,0,0
23,4,46,44.22180793785885,38.74477398886137,0,0
5,6,28,6.331261323430482,34.92659262042827,1,1
20,6,22,12.911539094606583,30.067907744018353,1,2
11,2,18,12.172406978401135,37.76466991992266,1,1
7,2,7,12.144141164315785,34.72433684814433,0,0
11,5,8,13.708516935853442,30.964918718473797,0,0
8,1,4,25.8527894478709,27.71615001738046,1,1
18,2,45,3.1682615712094297,33.01525618625374,1,2
10,3,25,34.21605236779129,24.851697787370828,1,2
20,0,24,15.756694515014585,38.14908277120182,0,0
16,0,33,17.64833108218863,30.695413433125793,0,0
1,0,35,44.86005751274414,33.467353263804384,0,0
15,3,13,22.85750176697448,27.562396486581996,1,2
15,1,27,28.659179479097467,30.879089364743564,1,2
20,6,1,26.432331290020027,26.093729552917928,0,0
9,2,6,11.066091656297134,22.95287362893989,0,0
3,0,13,36.74206084384775,38.24020961119993,0,0
7,3,24,38.45168481583103,21.300290653198964,0,0
21,5,39,29.476791794331014,39.01958009043123,1,2
20,0,10,43.155575584977925,22.322431357605968,0,0
13,5,8,48.298134530728014,25.823120087602604,0,0
22,0,45,29.649548361986128,30.67555300547258,1,2
8,3,6,26.363847442362403,30.62701386065747,1,2
20,5,2,48.58401234741265,24.731184794410876,1,2
10,2,17,15.612293209372435,21.326134930333794,0,0
19,5,17,9.287730388804565,38.7030866985361,1,2
16,1,45,21.388877725516238,29.492966023309947,1,2
4,4,40,13.48369117757276,21.9107571204303,0,0
16,2,33,27.157155296797196,33.27453998608046,0,0
7,6,13,22.52085261999636,31.534863214785602,1,1
21,5,13,17.790367501808152,27.23753123151408,0,0
20,1,25,17.767510110330136,24.901383278487014,1,2
17,1,9,32.282596500122864,33.87122551735618,1,2
8,0,15,39.62741849321711,24.172575160622568,0,0
3,3,40,6.141273939751546,36.41105942991309,1,1
4,3,30,18.37965427771686,36.27018662034732,1,1
0,0,1,1.3091071907371354,35.19206401117468,1,1
14,6,8,26.37611708463925,20.24535768994676,0,0
16,6,26,16.412980080777917,28.575968539020263,0,0
14,1,1,3.823448894669701,37.018148371078176,0,0
13,6,20,1.764937331878813,26.621446988771496,1,1
0,5,12,12.99274951685565,21.36846821712114,1,1
20,6,15,17.418247399638613,39.24877801657688,1,2
19,6,16,13.341786959322832,21.45728706655239,0,0
8,4,33,32.06357148063289,33.024465298385316,0,0
4,1,38,25.45942917027597,37.06684379269984,0,0
1,4,49,5.24431736520074,38.967026974762675,0,0
10,2,4,20.45585751798738,24.20141504261079,0,0
18,1,10,13.417401834113235,23.612762754480183,1,2
10,0,48,6.70412878777587,28.679694189334203,1,1
22,3,40,40.5505891966203,23.27572541849982,1,2
6,6,6,18.576785631527937,24.609147451355494,0,0
16,2,45,42.93644206745225,37.241229723754515,1,2
17,4,29,24.399458660631844,34.970844979738125,0,0
5,6,20,30.378848046357366,30.87093458561997,0,0
5,4,4,22.28507306856633,35.78882793343247,0,0
0,5,45,49.54565962503113,37.22184167192251,1,1
9,0,30,14.037058278853015,38.916843452792264,1,1
11,1,39,18.038368662504535,27.809690589010845,0,0
13,0,45,40.737127297453064,26.77315039581391,1,2
16,4,34,22.643429526399693,39.935785317084814,1,2
9,4,47,36.07467856974848,21.97612818465194,1,2
10,5,3,45.70601750151209,35.1424666904327,0,0
3,2,7,44.54736569248972,36.598490660624485,1,2
17,5,27,30.818056946577848,33.585679917821494,1,2
10,5,41,29.56943664504238,36.921106655690416,1,2
10,6,44,34.6103898386205,38.47045771476293,1,2
19,3,27,12.490996075477367,30.20010068658585,1,2
11,3,26,30.963994167173958,20.381773197944316,0,0
15,6,39,14.918957933104798,33.27045411895027,0,0
4,3,40,27.354660285810123,37.57305343822829,0,0
9,4,14,0.8580708435280804,36.969600984134765,1,1
15,5,38,42.14742636696354,23.27734460297929,1,2
6,0,35,18.40615174450123,39.6629257522881,0,0
21,1,11,18.436914701197114,30.898804731812007,0,0
0,5,22,37.99332808745836,22.189840577984864,1,1
5,4,5,8.31294667468796,31.798081475136403,0,0
8,1,40,19.012087275698214,32.99493882295515,1,1
15,1,13,4.103183614461131,32.94618506121837,0,0
21,4,33,41.16599252028096,30.852883517091744,1,2
19,0,27,24.094503108379044,34.765317167920124,1,2
7,6,8,48.053564964356376,21.616031866687845,0,0
19,6,35,39.09708620979837,27.517165890747197,0,0
17,4,11,36.62519992211372,25.91242583109811,1,2
6,6,29,16.991145878828366,22.808811036258952,0,0
19,1,27,35.38002412601029,38.748115690204926,1,2
22,1,28,18.728956001106912,36.467481397880064,1,2
7,1,27,29.384346607917834,24.868524672743145,0,0
8,0,8,11.21492570009885,20.710839597720245,0,0
13,2,26,15.241180857542336,30.293665852179753,0,0
22,2,9,29.87096317117214,22.166644411364583,0,0
10,2,42,4.713132570547013,22.01326894426704,1,1
21,5,33,36.7742962994094,20.829605587898282,0,0
4,5,20,8.488187634918726,35.79439414596462,0,0
7,1,42,1.4975056135620723,35.42322947949894,1,1
21,3,27,6.7994995875505895,38.19092448912534,1,2
4,4,45,48.21772405986435,23.43730577219449,1,2
9,4,8,39.79097233964152,27.17348132534152,1,2
23,5,12,30.158625494296455,27.911958740563996,0,0
1,3,38,0.3218659654371403,32.875432443959234,0,0
2,0,22,22.33840424236206,26.99143664280483,0,0
19,6,41,19.835186072160393,22.14914186068558,0,0
17,6,16,22.07114317956218,29.695627717030877,0,0
5,1,21,47.50549585853145,28.055817562979428,0,0
2,0,25,49.96230839866248,35.68266029170095,0,0
15,1,42,39.410394160940484,35.27448010148946,0,0
11,2,26,32.35166227045049,30.070244698403485,1,2
10,5,8,9.573496424737444,20.72705413953448,1,1
6,6,48,20.890851421744987,28.209606966425223,1,1
21,1,27,26.1511879182453,29.961798525714883,1,2
2,3,15,9.027233742024704,38.48713453960873,1,1
3,5,17,23.2744282206479,35.73280106449383,1,1
7,5,18,33.81125253781859,31.25579723894559,1,2
9,0,22,31.754194154979142,39.22150724355984,0,0
13,6,3,22.382793141581615,33.78774246147815,0,0
3,2,44,48.84797043337445,37.09539212995587,0,0
15,3,3,18.725235974416165,36.09564554403716,1,2
18,2,21,37.06917522838694,37.70034565485271,1,2
17,3,32,12.151613090289326,29.889056743906885,0,0
7,5,5,24.74927187083702,26.74634718541469,1,1
8,6,38,31.51927178524326,39.24790477031938,0,0
3,2,49,17.5683813567812,39.239888218327565,1,1
19,3,2,15.080158363474217,34.50436619874061,0,0
22,0,20,2.3586567755481456,26.630585954312593,0,0
8,3,19,49.7992478293693,22.29354281139382,1,2
17,6,5,11.121720250111283,31.188952378032877,0,0
10,1,9,0.3128982257814106,38.068835111644766,0,0
18,4,18,30.5142721274957,38.148353945797595,0,0
10,4,5,39.94173734299847,38.136176398543626,0,0
13,6,21,40.011234947713056,39.749156408481674,1,2
2,3,42,13.041291608187045,31.262540665017873,1,1
14,0,18,20.09244193218945,22.302956535665764,0,0
20,5,35,17.068119005298033,35.278141197516966,1,2
0,4,26,35.91470665902094,29.55106433855997,0,0
15,4,41,27.84480926805416,27.665390500213896,0,0
6,4,21,28.55233798625605,32.827426497155855,1,1
4,6,7,29.997221230141868,36.185641433544546,1,1
5,5,25,22.872376842204183,29.91655586636692,1,1
18,3,23,27.685157573426807,34.40414855349023,0,0
1,4,20,47.662237964098445,23.55831124228405,1,2
3,2,24,40.15399068359791,20.005996496448258,1,1
14,4,31,29.854746542818855,37.29913402260758,0,0
10,3,23,21.25065382447902,35.676234355619535,1,2
10,0,10,28.309251038363758,22.971408249834074,0,0
15,4,1,29.47410197281519,32.97882397389242,0,0
14,2,19,5.584381717065506,39.52635181395155,1,1
11,6,43,49.08475248664643,29.006103499262053,0,0
9,4,3,1.9201246509121583,26.031782339345543,0,0
2,0,44,11.084405575064393,21.175270959722305,1,1
19,5,14,41.588931242453405,22.967348311813247,0,0
13,1,40,12.561129477125633,20.208076426111564,1,2
9,5,30,0.21776056523578613,20.35699887258781,1,1
22,3,46,12.773167245513195,27.4976662302872,1,2
22,2,7,11.158949023660236,27.151601514409606,0,0
18,5,13,33.08612813923105,31.25521773888177,0,0
19,2,17,34.170019389383334,35.622615052038846,1,2
4,5,14,3.818552770285788,26.062751341332678,1,1
13,0,31,34.97614878773364,35.297759875251714,0,0
13,0,46,5.646924669432635,21.395802358271922,0,0
4,3,23,27.314474031083552,23.457488425443273,1,1
10,6,22,17.075756846932443,22.0490170742714,0,0
21,5,19,19.555577652328974,24.20426987200921,1,2
23,3,13,45.704435391100205,31.72960889993129,1,2
3,3,36,44.029404375248184,20.401313794151747,1,2
17,1,31,4.478615361150484,39.21293063517456,1,2
13,3,18,41.779172951561726,23.62284413292706,0,0
10,5,21,33.88356937397259,33.10969318522129,1,2
7,6,40,26.2770400610071,38.74650372869766,1,1
1,5,22,4.608016702173979,29.60409916587227,0,0
23,3,27,16.26191491989274,32.620578795905956,1,2
21,4,24,18.467647442504898,31.186152214769294,1,2
13,4,4,12.274855825472224,22.88031456279248,1,2
4,3,7,16.089991497619415,39.68316962166075,1,1
13,4,11,19.030508397424516,39.631139084789886,0,0
16,6,27,19.968053978615025,34.94334551802167,0,0
20,5,17,42.32049659426513,22.379007159428127,1,2
9,5,10,11.100034764795025,24.372337010245445,0,0
12,6,11,9.900337759864758,25.303681060066495,1,1
5,2,36,2.3239269025549847,26.08767848891803,1,1
1,0,17,14.028096876374613,28.806724129036798,0,0
20,2,35,49.206720770968,38.763158068580665,0,0
16,4,29,11.513692142505944,29.83668318532675,1,2
9,2,3,3.9282723753879143,24.44176027978815,0,0
11,1,19,40.490889725822925,39.73080578773534,0,0
3,5,31,5.348481226137975,32.667299687294175,1,1
6,4,26,22.40749956601597,26.857708289065673,0,0
18,2,18,39.20701287410084,35.30605622986927,0,0
8,0,10,4.754907685024939,39.51056261531455,1,1
8,4,31,30.425810631151844,23.096894257300203,0,0
4,6,33,19.93686291025914,31.883460775355548,0,0
6,3,45,49.23923693317054,28.830949287949778,0,0
10,6,17,4.588133184095184,28.468750325895478,1,1
12,1,22,49.29183420423595,22.268940441474864,1,2
9,5,34,7.6526208875028034,25.2809550984959,1,1
9,2,5,38.645917937039826,21.603386503036052,0,0
0,6,1,39.21881053149378,20.1500667532595,1,1
0,0,24,7.11626221400744,34.96140437372313,1,1
3,1,4,8.222558602642287,37.61917100245163,1,1
18,5,19,44.528163056147264,27.246735279724348,1,2
9,2,45,23.666472546576916,34.22502979923136,1,2
20,4,35,47.37870145585111,20.56827277170406,0,0
1,5,24,20.391838209189434,24.132002429136392,0,0
5,4,16,5.514166668589182,36.57622593902006,0,0
7,3,35,30.28629134517405,34.21098803625371,0,0
10,2,37,15.771971710421761,31.89127936173015,0,0
21,6,22,25.96002719845857,31.159771361087323,0,0
19,1,42,12.87057797854284,23.533557094655738,1,2
11,1,5,41.81821342606896,22.819479592055345,1,2
2,2,27,19.0997194334823,20.007042185636653,0,0
3,4,12,10.955988118703807,27.698645580543396,0,0
17,1,14,49.10345732054026,37.25960240116246,1,2
21,2,17,45.11200969755161,21.816098001899466,0,0
9,5,47,35.20232335885915,33.994091709703945,1,2
6,3,31,45.03059467827894,20.26264361387034,1,2
22,5,45,37.52058814675275,24.463318328905075,0,0
14,5,7,12.691617009860378,37.74149676826168,0,0
23,0,28,15.099408795293146,37.34971853517068,1,2
0,3,43,1.190935746621291,23.260562963223336,1,1
3,1,2,26.856500131116075,30.92909257360239,1,1
9,5,13,15.844506529971113,21.924238133334647,1,1
9,0,42,47.16812894494428,35.728532828882074,1,2
16,5,42,13.22595665953758,39.52014527623531,0,0
0,1,20,19.683982979826887,20.282903376617945,1,1
9,3,1,5.181731817445012,30.406506927891954,1,1
21,4,22,0.04442800400603075,33.00115566318699,1,2
8,2,39,32.05714479271419,27.703111899149675,0,0
9,5,37,33.987918337141494,32.18758412981761,1,2
8,4,33,3.24641053877282,37.77632672238555,0,0
23,1,2,39.51190528240435,27.316450341530498,1,2
2,4,49,24.326344955603314,38.03462378811139,1,1
2,5,23,19.428695785314293,35.63454634976803,0,0
16,3,12,5.549991638580066,25.442454027426628,0,0
3,3,47,6.439581383285925,22.086532712860386,0,0
1,3,47,42.68451626191166,37.62273369372868,0,0
11,1,44,4.4939493371550565,39.08284991828046,0,0
20,4,45,0.9595387828276125,30.19358131064301,1,2
15,2,46,29.034257245227792,22.42501679697768,0,0
1,0,32,45.85618331567653,23.98961976050604,0,0
11,5,46,2.3107436840022197,27.01864935670347,1,1
7,1,47,13.037629396279943,31.195540832471742,0,0
22,3,37,28.026554130203852,37.383656321123276,0,0
4,3,24,19.728284468460934,38.318492053049184,0,0
8,6,41,36.57225832186443,24.133407556989287,0,0
19,5,8,25.10914004181513,26.5885813867663,0,0
19,0,35,4.327308282162557,28.528340070731993,0,0
17,3,1,37.19181783640654,26.306623285083948,0,0
0,1,33,5.647608076677985,32.73621419273607,0,0
13,1,24,5.624189032940152,36.17123653685309,0,0
10,4,1,43.99966842366477,30.967592045072955,1,2
19,1,2,30.99310729017013,38.729562007452486,1,2
4,1,44,42.99060289169599,31.369774115196535,0,0
19,6,48,19.9707894660613,38.20065092687408,0,0
5,4,33,16.638711846594084,25.106741978032037,0,0
16,3,13,48.612124238422545,37.24544407989546,1,2
18,3,31,40.164656339536464,21.650996948517328,0,0
2,4,45,21.39545376205784,27.352096438408655,1,1
19,2,49,41.58067627392548,26.08009648003105,0,0
6,2,12,30.314759403684764,23.28434376476874,1,1
1,2,45,45.05108123429039,20.918794004518112,1,1
4,6,18,15.196344661628046,35.578389147704925,1,1
8,0,24,27.487725892105765,24.504935679434517,0,0
12,0,45,11.561185464607899,36.43173544949238,0,0
7,5,31,17.928038772857896,30.897010444795548,1,1
12,3,40,16.41196326000322,30.56563821357615,1,2
2,3,49,4.20906457422559,33.43801930109089,0,0
1,1,5,34.03499165551133,39.82477166656693,1,1
17,5,22,32.52805207257164,28.25513280997676,1,2
11,5,48,36.75677256550733,31.35825992857063,1,2
20,6,21,8.319381558878625,32.381095226274496,0,0
8,4,25,25.83070499272484,36.71651955996545,1,1
19,4,30,38.76737731219741,26.073670565047635,1,2
22,6,34,9.44231060228341,38.99581557904915,1,2
15,3,6,44.78477878079077,34.32120670151319,0,0
23,6,35,26.197015895228965,21.109214399097898,1,2
11,2,15,40.89693213692096,32.12002964830262,0,0
4,4,47,39.44482341905082,39.73387684778016,1,2
19,4,38,4.429478324228919,38.7907933267504,1,2
4,2,10,1.3544155109980915,21.408542646156015,0,0
16,5,36,20.423830120912296,38.86883325439008,1,2
16,5,28,47.08367881400559,22.360787761707023,1,2
23,5,2,37.301547491547524,28.091366321813116,1,2
22,4,23,33.97559453668526,21.575508006613738,1,2
11,3,17,30.999218888894976,32.63909367352752,0,0
23,2,37,27.11805045358431,39.83717958299653,1,2
12,4,26,36.76100121522945,25.552943902292697,0,0
18,5,9,38.86246423005695,22.9708584105027,0,0
0,5,17,1.4598446648722396,34.510294829255415,1,1
18,6,29,1.3444900250765945,34.30159656525378,1,2
4,4,31,45.7750148189991,20.517431984762776,1,2
11,4,9,37.64994440086322,26.734416095602562,1,2
3,5,18,2.9612172437395334,37.662578114352335,1,1
13,0,36,1.8815830018925783,20.441787957839907,1,1
15,5,42,11.905966056621804,21.334231323720026,1,2
0,3,35,33.346024209650956,24.08091970715216,0,0
17,0,27,24.925231828575324,26.084349334752623,0,0
18,0,9,5.34390746911268,27.497460434221544,1,2
23,2,39,14.870362870599196,28.217250418904946,0,0
6,1,3,10.764349969272919,28.494187821202544,1,1
13,2,12,24.606964981992597,31.786069657794073,1,2
10,3,40,35.99136980122936,34.674122992692276,1,2
12,6,22,4.806707963323998,39.17307778604943,1,1
2,4,48,9.071962702331504,30.459371262837344,0,0
22,2,36,2.0365676993157997,29.327058011647644,1,2
19,6,12,46.2891770264238,37.255278720332456,1,2
22,6,12,47.67521497500798,31.121406484394946,0,0
13,2,25,49.96044388727696,37.43360284624389,1,2
4,2,36,45.561280891898754,37.383962541165815,0,0
23,2,41,45.94665085347164,38.30258892040668,0,0
22,5,18,32.76121812520625,33.3450800655168,1,2
12,1,11,29.29355388626026,25.130129279467667,1,2
8,4,20,21.116114082855695,34.74981180358336,1,1
2,5,33,9.380160102062856,37.06046992440428,0,0
14,2,19,44.87444410162587,37.314055697927465,1,2
17,4,1,4.736107371097676,36.02935552528852,0,0
1,6,3,34.52577364419654,30.47702676958871,0,0
8,1,10,48.28263252033123,35.5869162655285,0,0
5,4,35,20.399128435424586,33.92398880080941,0,0
13,3,25,13.750793575168341,22.491240169195457,1,2
5,5,23,31.963967807092637,37.50605862788905,0,0
0,4,48,42.62326635758959,26.49924950619657,1,1
7,5,42,15.678784004506463,25.82563747874828,0,0
15,4,6,44.48520181663237,25.900733352644032,0,0
2,0,17,41.54084189243725,21.346695356136014,1,1
9,6,17,45.13083571141193,39.413183386177494,0,0
9,0,2,8.568837451417838,29.657216238244963,0,0
3,2,43,45.98745316554701,25.02297117212595,1,2
10,2,35,29.15114547102526,22.518792220913802,1,2
21,5,38,0.31925913546236306,26.40386298739645,1,2
19,2,7,12.944830654089884,32.43678139261139,1,2
2,4,38,41.336270142344176,24.628984959597858,1,1
12,5,38,17.804335981446734,23.20486522105646,0,0
5,4,33,12.47996634842078,36.621699976095854,0,0
12,1,27,28.658039640431838,29.181825408001195,0,0
0,1,41,30.86398363443416,22.548539552304348,1,1
20,1,16,31.252947006645353,24.694553931644908,1,2
19,0,44,6.486280522249855,22.829206538934667,1,2
11,1,43,42.375606830387255,23.062285290794847,1,2
0,3,46,31.531722275575692,24.299335062394462,1,1
10,1,23,10.431445674591156,23.251359176166,0,0
12,1,28,7.74964726427132,32.804389815708525,1,1
3,4,46,16.36919374853054,38.96948638666563,0,0
4,6,22,28.88323183258801,31.834210840626717,1,1
22,5,1,20.42921082297257,31.398250508256638,0,0
14,2,30,17.604489868506334,37.47613395598037,1,2
23,0,25,7.229081556199818,32.653952518084466,1,2
3,2,24,13.481616387956386,39.85593133599669,1,1
4,1,20,4.1278141272903355,30.75348803963214,0,0
4,5,16,0.5263791060453216,34.25009713766087,1,1
11,5,35,18.214202095471265,38.37367897506215,0,0
21,4,16,38.741803368014196,26.36948278447713,0,0
17,0,37,0.952197589174919,21.854462215151614,0,0
12,2,46,42.663760110923775,32.448158408794114,0,0
1,2,11,24.25201245068739,22.418035760955878,0,0
19,3,24,24.402839708390395,28.153272421628174,0,0
1,3,30,4.254068615538786,22.584653369255165,1,1
23,5,25,15.666767959538952,23.626502351780513,1,2
12,5,33,31.859708626773088,35.51926892409203,1,2
2,4,36,27.839968793937093,28.619815331122624,1,1
21,1,34,3.9920603099229957,31.708569088565845,0,0
23,3,27,26.887395469434654,24.64266725721898,1,2
17,6,11,17.979528489144204,21.75496155771992,1,2
7,3,40,27.11211958135813,39.01429181104727,0,0
3,5,2,33.549682219562236,35.24473230991828,1,1
13,4,35,29.951959873041094,24.33325902975765,0,0
22,6,46,32.46846655456071,35.157163215270586,1,2
23,5,7,39.59419197584003,33.922547114603354,1,2
7,2,29,36.728612608482315,39.45603086353388,1,2
0,1,37,42.328509636416356,27.20572903362298,1,1
4,5,36,37.74815097926872,22.11830072094962,1,1
9,6,21,40.9817154148624,25.42456016462966,0,0
22,2,35,47.07208524364967,31.501437621847685,1,2
0,3,37,21.119189396227746,28.272974921230336,0,0
13,4,4,24.362547656572097,27.370038856340177,0,0
20,2,3,48.636454856025686,38.26184439283852,1,2
14,6,44,19.966413571563322,21.56767472791364,0,0
20,3,18,27.826805397749183,31.386737316784313,1,2
18,3,9,12.712458331553156,39.21347662701302,1,2
7,6,42,38.93161490963306,33.311505817236814,0,0
2,4,36,9.241763803527592,28.0833802778965,0,0
15,6,28,16.069909341469007,31.358626010652344,0,0
6,5,9,18.61324371759141,21.840617572662943,1,1
22,3,12,35.099210698087965,34.38276475612264,1,2
1,2,32,30.270825283371906,27.43579287257721,1,1
20,4,20,31.31722979270226,24.88154993344787,1,2
15,0,47,31.528522056455998,21.323115089863386,0,0
22,3,23,32.26351137072957,33.563505288716534,0,0
22,2,30,36.70930940096444,25.246391366849075,1,2
9,3,32,15.853490851341101,30.34257199396816,1,1
3,0,29,11.531078865092137,30.025075009639895,0,0
5,4,17,10.511388838601682,24.182895063477815,0,0
15,1,46,26.592361640160377,30.143210809533635,1,2
13,0,26,48.197306191270314,20.574127018039697,1,2
14,5,24,46.0687239544981,32.79853126792821,0,0
7,1,49,25.586117466740284,25.550412327364167,1,1
1,0,33,6.320477002359059,37.54901877949221,1,1
16,1,45,11.768294614877984,25.663887253314748,0,0
6,1,26,43.26136600114454,25.460285220336928,0,0
14,3,29,13.517081468426378,24.340603123579392,1,2
20,1,26,40.09282217593392,35.218391231575865,1,2
5,3,19,17.79266126614145,36.06461894534422,0,0
8,4,23,45.171034147719254,21.09573270964637,0,0
3,1,9,11.646352003656474,29.058153408893745,1,1
12,4,27,40.69109319468339,25.367846183540056,0,0
20,6,12,4.759476323923012,20.20677217792541,1,2
18,4,38,9.51962378001312,28.882784393561067,1,2
14,3,42,2.972656531015655,36.63384635359094,0,0
13,1,28,14.702975599602558,20.82760642478705,1,2
15,3,23,45.70874976847702,22.3693301371439,1,2
1,0,15,24.570889451144808,24.770925483841616,0,0
0,3,23,6.162036170004381,30.147936527429962,0,0
12,0,26,19.68417142953226,27.212755603952157,0,0
5,3,18,17.617205045113614,35.61442474194632,0,0
17,2,26,49.69079728437622,36.334518993582904,1,2
5,4,36,41.43386026030198,28.6560083383608,0,0
22,0,37,36.30553140798326,24.511452753349374,1,2
5,0,26,40.00409591748985,29.3002766553412,1,2
3,2,35,6.631715884893186,29.51917914897769,1,1
6,1,40,14.90604124426444,29.20016975317597,0,0
18,5,34,6.297500589079669,37.61650737029892,0,0
17,6,7,5.597731584050042,32.75961618945098,0,0
5,3,40,37.973717350587364,24.247516029729557,0,0
1,4,24,1.9981277826782662,21.614560181883466,0,0
8,2,28,39.24183660347365,22.925890911033658,1,2
12,3,3,19.03727154557238,22.907856067115123,1,2
12,0,41,5.3268657070586425,33.788549898666815,0,0
21,4,47,9.34256973539176,34.37369630045265,0,0
22,5,48,24.80452157984083,24.15232761756646,1,2
16,4,30,25.47638597468386,23.590066273754235,1,2
9,3,14,28.615184662434373,37.67103071715388,0,0
2,2,34,22.23604072168255,22.11736260061895,0,0
20,3,8,1.2353053078915488,29.090972438844304,0,0
18,6,21,33.411423985344854,24.516765353355964,1,2
4,2,43,49.92681069186726,31.444086295317295,0,0
18,3,18,11.247291190328157,39.06470368758461,1,2
14,3,20,23.776731552172947,38.85085172764941,1,2
1,4,36,18.857133014736995,31.57963970719864,0,0
23,4,25,41.46550343058598,31.35162287964033,1,2
3,3,9,28.866128722076162,33.17269673493714,1,1
1,4,43,24.677174190186623,32.87495691237848,1,1
2,1,32,21.077935526797305,34.31690116095628,0,0
20,1,1,22.982846031839564,23.767284932121267,1,2
22,0,42,36.616674786735324,25.690224152640532,1,2
15,1,27,3.570495227007137,36.26428911102861,1,1
7,1,42,1.9323705415562886,37.72914410192833,0,0
4,5,48,45.81088004273213,37.14814761966878,0,0
17,6,41,10.54480827737671,36.23239018219772,1,2
15,2,24,32.08784594213018,32.11503534504643,1,2
6,1,38,13.534528080314844,31.86456439228142,0,0
22,6,35,44.78439461296057,38.61903924532031,1,2
13,4,12,28.79085095179469,26.437810609987192,0,0
9,1,36,8.665710318789376,29.749298379240017,0,0
11,1,11,32.41810749103244,35.13871548273556,0,0
2,1,11,49.95140606945408,31.039954798847205,0,0
20,4,6,40.888317624290735,24.132007107357094,0,0
7,4,3,11.627252196421884,20.8948798502594,0,0
8,1,6,37.007516686565154,38.10900607402065,0,0
5,3,1,27.411192274949652,32.86128935155929,1,1
10,5,21,11.137345265057036,27.80402135539219,0,0
18,2,43,1.1149607368230008,37.118800292311406,1,2
18,5,1,4.928805478916088,33.127023365455486,0,0
5,3,46,7.544258141474897,32.24295396379445,0,0
18,4,8,18.831267159861465,29.23894532790522,0,0
12,1,6,32.96919199580225,29.688138352180697,1,2
7,5,39,2.1890418403852365,23.175791496016878,1,1
3,4,4,18.342469964474585,33.90240952487803,1,1
22,3,5,25.147230186440723,23.812327910295426,0,0
8,2,16,35.6740313281525,33.51053963825821,1,2
6,4,18,38.16938327300306,34.52989201880681,1,2
2,3,5,29.144352399796347,30.34018175610548,0,0
5,5,34,0.5055165693931885,27.591542414916315,1,1
18,2,29,28.88877106355867,39.4756334051318,1,2
5,6,2,49.829449863372986,24.030287079787133,1,2
0,5,32,29.181350542422855,21.95260454388415,0,0
8,4,12,2.752998670904061,21.6801853101894,0,0
5,0,29,33.33318138440652,37.12966064628096,1,1
9,0,37,24.098125121865838,32.41694523281932,0,0
4,6,37,36.14923606557151,31.895148318884488,0,0
21,1,15,15.056124408749621,23.322179380406382,0,0
12,5,46,18.71461992094052,24.129195738128246,0,0
3,2,28,29.922421501743006,34.99905456028929,0,0
18,2,1,1.8706604963311335,37.61625872070509,1,2
5,3,27,23.92109055546035,24.518210379137425,0,0
14,6,45,0.40830776150818093,23.373970755452454,0,0
7,2,9,49.98341037682145,28.853125856413993,1,2
23,2,4,36.01349253549692,27.825020795537966,1,2
6,5,45,47.75648055942901,30.18210711739904,1,2
1,5,34,47.78313170393302,39.796250535466065,0,0
13,0,17,21.0411543545337,28.052571981440437,1,2
11,6,12,34.42120412355855,33.11602566411323,0,0
21,5,8,0.6087219434529945,30.23532419477975,0,0
2,0,21,37.437946316831756,37.86589040561828,1,1
2,3,2,7.295052548868986,29.05849265723032,0,0
18,6,15,34.6457417207302,27.576275241173477,1,2
0,5,8,33.89582105324788,36.79630214315943,1,1
0,3,28,8.571561986153586,36.906431468288744,0,0
20,4,4,46.089692513774686,29.305666272589157,1,2
20,1,18,47.05884687142921,24.80815139051577,0,0
0,1,28,45.202058312842816,22.730132640700024,1,1
11,0,36,13.465589607663647,20.89193666809054,0,0
19,6,7,1.301409858818836,27.446309053755833,0,0
1,5,24,46.06814618088868,22.564213929335942,1,1
8,2,42,15.150495454446277,36.812245738448844,0,0
19,5,34,40.94519624509274,37.71358318525904,1,2
22,5,47,34.19827754226837,35.94375287237686,1,2
21,1,30,31.10944932955736,20.16182266765063,0,0
7,3,20,18.82496321018934,35.44010719777461,1,1
20,3,18,17.45205595294033,25.377554304347914,0,0
20,6,9,41.16414168915949,38.042189290934886,1,2
23,1,24,12.525571797724478,20.591988921830623,1,2
12,2,18,24.162882825984283,28.84810710270857,0,0
13,2,22,33.54329149542022,27.176178532522748,0,0
9,1,33,21.13063377173931,21.79001866498178,0,0
14,0,43,22.307867202531913,36.87724030579603,1,2
2,4,25,34.36152689384579,35.351278829301464,1,1
8,6,2,49.195237675134216,20.54013099858362,1,2
19,5,7,34.80877649695579,27.181791189145535,0,0
4,1,41,2.731952075204652,36.56787437636484,0,0
4,5,25,31.97771890683501,35.343300430795196,0,0
15,3,31,11.38569283612979,30.94145243113685,1,2
4,5,31,7.744498754246604,36.1561548895219,1,1
9,0,48,5.636775328287707,26.565671027283503,0,0
21,2,16,2.0509394310395948,31.04389823726866,1,2
8,3,32,30.973573361471292,23.067499737336785,0,0
3,3,14,23.314360715070308,31.63425783143989,1,1
0,5,2,26.733493949250754,29.957719807360473,1,1
22,4,5,16.829470184898167,30.073733549319826,0,0
11,3,21,16.224372135076216,36.054652914852696,0,0
8,4,4,22.05224997328685,32.9993820138264,0,0
4,3,36,27.710661043217584,35.520500531291056,1,1
11,4,19,40.512637402911786,23.83517271985913,0,0
20,6,48,5.074706265408279,33.854389165459864,1,2
17,2,36,10.717739383153152,24.699165419867448,0,0
3,3,43,1.6339653926241204,20.916767885149778,0,0
22,0,28,20.611198010985888,35.658606816330156,1,2
23,5,45,27.959023536204686,22.01368192228037,1,2
20,5,9,1.6896141890332006,25.570738438001307,0,0
18,6,23,11.733065864878235,20.80729683050926,0,0
1,6,15,19.38288310227034,29.223778718592136,0,0
10,4,46,26.872196323891828,21.61651034182484,1,2
22,0,47,25.802894687836268,33.305068745114454,1,2
17,2,40,24.936704514808273,35.18785103819334,0,0
11,1,46,4.941538265269896,29.56430563279561,1,1
9,1,4,21.43870961838619,38.620132627684185,1,1
14,1,25,42.188182665649116,21.149393275427187,0,0
18,2,30,21.17385141724381,38.35648062759775,1,2
18,2,46,32.15760233691844,26.248074651375674,1,2
20,1,1,1.135330735529455,34.31957745339426,0,0
21,0,37,32.60184803771046,32.60274263026901,0,0
0,2,13,17.56938644407193,39.85210994896507,1,1
22,4,3,26.85628717924281,27.175742287363306,1,2
4,0,21,35.32605620004539,39.15447827848029,1,1
7,1,14,15.023634816177994,39.47855068543087,0,0
15,3,15,38.92157249759088,30.89333237549357,1,2
21,3,27,6.231585266548639,36.347391043167704,1,2
1,4,41,4.245354371431081,21.156837658980876,0,0
17,4,47,8.01971116472902,32.750130328553496,1,2
10,5,39,27.09797997365491,26.30595683034128,0,0
13,6,32,36.76242179396528,20.273256603054577,1,2
9,6,12,28.284382605609178,33.27647673556437,0,0
5,2,48,48.91995645131355,36.960953776601784,1,2
2,1,12,45.827002645377874,33.644364658512885,0,0
10,5,10,22.17366053923362,33.78375135403419,1,2
9,1,2,32.905725052238985,21.792175876634495,0,0
22,3,6,19.188105985689667,23.64955211241101,1,2
15,4,15,19.281625133222374,20.630593480735605,0,0
2,6,41,34.716540928829126,33.55785998024681,1,1
13,2,25,40.20339975059054,29.311519782012567,1,2
9,2,38,48.7548175824004,36.0736891746376,0,0
10,1,36,42.25079491564534,27.470321240687507,0,0
3,6,30,7.386591511348783,28.916799413809095,0,0
14,5,35,11.594645481001308,31.407443926217816,1,2
2,6,1,9.115747804472008,23.032019676180706,1,1
7,3,38,5.074720364892865,21.64144551298573,1,1
6,0,12,26.041469433336594,25.796127851090496,0,0
11,4,21,21.861527327059527,28.592052408990973,0,0
2,1,33,15.430320013701216,27.823950310762005,1,1
19,2,22,19.877187299758425,29.722535008798943,0,0
5,1,2,40.26170433573714,36.80743262490242,0,0
19,5,40,18.622140831908407,39.83883406739997,0,0
4,0,6,30.335447393769982,38.17126381350434,0,0
14,4,38,33.50357110812953,23.258943677975086,1,2
17,1,40,42.83623051656215,38.17155275423415,1,2
8,6,2,13.13815528890856,34.504014133581386,0,0
9,4,37,41.731284457663854,39.6044689151027,0,0
9,2,30,48.29408483756181,29.460269918680606,0,0
12,0,33,28.333346878969586,39.26524502925429,0,0
10,5,48,38.60308889077731,30.723424019118966,1,2
3,0,31,29.043851870598246,29.72659764595366,0,0
19,5,32,5.629220796930917,25.059365980502147,0,0
17,6,25,1.1121249133819344,32.11844242114162,0,0
21,0,9,26.04945839230278,20.41691306210695,1,2
19,0,8,34.63379583552496,20.881130186473634,0,0
5,3,27,42.71703628202895,32.8840142012327,0,0
12,4,8,3.306554692685504,39.560341579922195,1,1
14,3,27,2.3279320355488906,34.92144690922043,0,0
19,0,1,7.137970054533921,31.473937919998512,0,0
6,5,18,9.882530188828543,22.555343492088056,0,0
18,3,47,38.44363070074574,37.32619585562395,1,2
13,5,17,14.677330800553085,33.09624335161843,1,2
10,1,3,22.17569407070353,27.379754171084976,0,0
0,1,12,19.23775264671901,20.555378551696432,0,0
18,2,1,48.700809724648586,26.53376448225366,0,0
15,5,12,40.3271769396495,25.324386388742248,1,2
18,2,35,37.50168360242128,34.98777902460647,0,0
11,3,5,17.491467248646675,21.029414358249998,0,0
5,6,11,13.07917038695831,32.95412775802741,0,0
0,5,21,3.088576719076086,23.837999839970152,1,1
13,3,22,37.45379260020202,29.88796538203883,1,2
10,5,47,16.636279139978704,34.428058328141915,1,1
23,3,46,17.95287614360391,38.394152128673376,0,0
21,6,32,3.1294162728273345,27.06589760233065,1,2
4,0,12,27.1042263011958,37.217811536698704,0,0
14,4,31,44.50071950480836,23.2008012890811,0,0
2,0,48,30.42663282569853,25.135141608313532,1,1
0,4,22,44.62609705917377,39.89439649593325,1,1
14,3,47,22.185673992498746,38.12302912774056,1,2
1,5,5,4.032990102953554,38.631413719230906,1,1
14,2,2,0.7332341195233794,32.5413702940112,1,1
15,6,24,42.51099844248333,35.06846054326385,1,2
21,1,8,21.884035325268876,33.917616341746964,0,0
15,1,29,31.215900616607584,32.03869084327455,0,0
16,6,48,36.8206125639269,39.15275596898588,0,0
22,0,33,16.806968340982692,38.78973071313817,0,0
4,3,36,17.70165605416455,26.696670845626556,1,1
10,0,21,7.792057408209701,21.22315183964522,0,0
11,6,28,9.239438609660077,22.757904010936677,0,0
19,1,30,1.8644726798813294,34.959522041381845,1,2
12,2,21,4.720528541692587,35.227939894248294,1,1
9,5,34,30.743351296078135,39.62192324997008,0,0
11,6,27,35.7566880569224,31.262580537694745,1,2
7,1,17,40.52282943879119,22.583865328954694,0,0
6,3,15,10.87298169200377,38.71855210897526,1,1
18,6,19,16.002996356331405,26.873358791162396,0,0
0,3,26,47.18350211536394,33.79384789925456,0,0
15,2,39,47.63882229986039,21.68683950022078,0,0
18,4,37,23.395299544762725,27.344831924586103,1,2
17,0,31,26.68881960542997,36.245774885692455,1,2
17,2,49,12.274678337021061,25.54136200755634,0,0
9,4,37,34.256873636416934,28.801198756634598,0,0
15,2,1,40.40433978452832,37.66899907054514,1,2
5,4,43,28.98672407161872,37.75910390581541,1,1
6,0,5,35.022580101552556,31.897514786960713,1,2
17,4,40,18.406834992314185,32.10824838673406,0,0
17,4,15,12.297136352878857,30.264287918417843,0,0
22,3,24,34.57764320433758,25.080991562733985,1,2
9,2,48,43.24800702127875,35.24143582003171,1,2
4,6,40,34.324205640668374,39.498036802458174,0,0
20,1,30,28.04144845207468,30.426991179516143,1,2
10,6,41,15.191322132938623,34.64011461637536,0,0
2,6,45,38.721960729923836,31.248245660503546,1,1
12,0,33,31.703750120357064,34.447585767577934,0,0
2,0,16,31.286717843880286,26.82735491447936,0,0
19,3,12,23.494030966153034,23.006602581583145,0,0
13,3,23,4.053949886627373,20.588826165214332,0,0
10,4,36,15.121863238415756,37.74932552587089,1,1
17,5,30,32.363275407423394,34.14532738144626,1,2
9,5,31,38.692303441489145,20.182196143691215,1,2
14,1,41,3.5142318314533183,26.992379784093405,1,1
5,1,17,0.24891295306049832,20.58016766568675,0,0
1,4,38,26.963779183794973,39.04943438482721,0,0
5,1,43,15.397553014920645,29.862423438448626,1,1
2,1,12,45.66818759642056,33.87598971932047,1,2
12,3,21,16.27157355375192,22.6320165761151,0,0
2,0,28,0.8589727952275417,30.771156374924537,0,0
8,2,41,48.84937643817533,25.619481760497557,1,2
13,1,43,47.87894691569895,29.838428718160408,0,0
14,3,44,35.3513370817844,32.33072278617832,1,2
11,4,31,17.388247201325562,21.439628321854567,0,0
22,0,20,15.731500315066837,28.25898922380464,0,0
4,6,6,5.220997879684585,36.55166981087184,1,1
5,3,37,42.374999986593984,22.732610716657923,1,2
21,5,27,8.523440646920506,22.40614648545176,0,0
22,1,35,0.15153199217372015,21.338743180005245,0,0
19,4,26,26.010483918054295,34.94329855669337,1,2
17,3,22,22.958820174740207,34.6743177387724,0,0
16,4,27,1.1036438150555716,34.80973293057156,1,1
9,6,33,41.82093944761737,37.974203852513554,0,0
15,2,9,2.823455214841064,25.892180537352985,1,1
23,2,45,21.825134810121178,22.601560666982433,1,2
13,0,2,14.183961171316007,34.02909938134356,0,0
23,5,36,17.97151789141191,21.69530298283084,1,2
10,4,4,15.211551202782347,39.67873949806025,0,0
16,5,2,48.09877821510338,36.94910716959336,0,0
3,6,13,5.327691993220768,39.68528103052087,1,1
9,2,15,12.775677912648181,36.8174246791222,0,0
12,1,6,47.66211693478842,22.313055208859925,1,2
1,3,1,16.469783212334537,39.70788637407099,0,0
14,5,28,36.638253933307055,36.266940702756344,1,2
23,2,25,1.296288462632944,29.794283512887777,0,0
17,5,49,27.068599085452483,31.97038982280575,0,0
3,6,25,3.507921729126301,26.5127891942225,0,0
20,0,2,10.106155444353277,32.92887164670968,1,2
17,1,17,31.916649076839796,30.94184781089711,0,0
0,1,6,45.47454398364099,38.69083193959151,0,0
14,5,11,31.992651604791305,23.202314916436563,0,0
13,2,21,4.841221420370862,39.2596952191674,1,1
6,4,18,27.34712716487161,25.05397968658818,1,1
8,5,19,0.24720759349861066,31.934140681828914,0,0
1,0,13,39.917767772838,30.45865621943063,0,0
2,4,45,14.90407762623836,26.59505608455959,0,0
4,6,49,9.354998896677518,26.549088112585967,1,1
20,6,6,13.813424353620801,29.675931858252095,1,2
16,6,41,48.38261169596936,23.768325927027032,1,2
17,5,3,36.285043390274055,38.64875310624995,0,0
21,4,26,40.56364767040982,21.872124263630692,1,2
21,1,34,36.904033085795405,34.04380759324884,0,0
13,4,37,40.14890224853549,30.439634874537823,1,2
21,3,39,14.52490245225449,22.456488372143333,1,2
21,5,49,18.120973955065306,24.593250846959567,1,2
2,0,22,42.415321198255434,28.5372771645776,1,1
23,6,33,29.291635029946583,22.457334171852374,0,0
1,5,1,19.420136097174108,24.07638839405285,1,1
1,3,2,15.203365538694962,37.85062343056619,0,0
0,6,46,20.35705456675352,35.075576096788964,1,1
12,0,8,29.057948689946727,20.173941343752475,0,0
14,5,18,22.516081335025785,35.24568874816204,0,0
8,2,34,27.823492540372463,36.968998605423,0,0
3,4,39,12.379367490886162,36.13795069489899,0,0
21,2,7,8.467705581721486,39.72607257191899,1,2
10,3,25,34.35491574892466,26.488798878386373,1,2
6,5,36,48.46287163895598,25.961356389319477,1,2
3,2,29,22.500997516399778,31.45638369562341,1,1
15,5,17,15.248600221826491,21.171596408096732,0,0
23,2,22,19.314273015361387,28.412856366446057,0,0
6,2,22,18.60644303575639,28.807381572937285,0,0
10,4,41,3.1763332271465217,34.219725866471265,0,0
7,3,31,30.451558836831182,22.63651903860287,1,2
2,3,27,2.6400675735048895,39.795587657609154,0,0
0,0,42,45.81970991641168,24.234905332371497,0,0
21,6,18,6.209854977142005,30.594443497366548,0,0
6,4,11,0.4087346406344894,38.97503994436545,1,1
18,0,27,31.480100547577177,33.791030125937255,0,0
23,0,6,47.73547213130447,39.398142286433384,0,0
9,5,33,38.099463018316385,21.220358299232085,0,0
12,6,40,47.35370935743,31.925544797821345,1,2
17,3,8,24.763736636263822,39.96164465719107,1,2
23,4,35,47.44915898032697,25.31118908391546,1,2
13,6,46,33.60518501775977,37.11973621847925,0,0
17,0,13,8.741591649830866,33.56383313890134,1,2
23,1,28,38.66870726712417,38.16729268914211,1,2
5,5,4,36.124070950356554,39.7914440086562,1,2
8,2,23,48.775808877466716,23.177146972181923,1,2
2,0,20,30.36657850467544,38.09430781559329,0,0
19,1,36,46.8334678396345,37.79677959813522,0,0
6,6,6,44.18110137703656,38.92201645618843,1,2
19,1,7,12.886275363065891,22.687359221571345,1,2
10,0,38,37.52901951071497,30.16338764029694,0,0
5,6,43,49.345115691809646,34.51663103102091,1,2
2,2,3,18.899076490837952,24.732558049134536,1,1
9,4,34,4.70679348569637,24.08034305874054,1,1
0,0,49,0.9402856615942645,32.39435111758223,1,1
6,0,1,3.3154447834544962,37.47473860808719,0,0
19,0,22,2.5622093195707576,34.77128463040674,1,2
11,3,45,44.937868852235724,31.283563937082473,0,0
20,6,29,47.65398920601021,39.69683150804393,1,2
16,5,13,0.4075061860155771,33.492072906254016,0,0
9,1,33,6.352502985361447,35.884631489220865,1,1
23,3,9,1.5014022093566726,26.358491907210848,1,2
11,5,18,22.964030463062645,32.76578721112592,0,0
12,4,13,43.13598550142733,22.154333397318517,0,0
1,5,46,6.79742660181547,34.63779589966797,0,0
20,4,13,37.29031494672468,33.780275812099006,0,0
16,4,27,44.6377647535725,25.31983359183416,0,0
12,5,28,16.90441294922454,39.48038956841657,0,0
11,2,14,39.24308371521974,38.00375788867646,0,0
6,1,19,34.56333333299542,20.23042052463465,1,2
20,3,34,45.933890297561454,21.4071068155649,1,2
19,4,18,20.032755634237454,27.587855403269316,0,0
3,1,6,33.23725013541983,39.403232121380476,1,1
7,3,46,1.6824673453195438,24.387056263611733,0,0
2,4,16,29.941182148525108,27.00719592960757,1,1
15,2,27,25.860939137453986,22.290774533955094,1,2
5,5,43,11.661143318244793,31.51200413340775,1,1
7,5,15,30.842328824200614,26.110131299144726,1,2
15,5,49,49.18651242205448,28.21563100440524,1,2
6,4,21,26.300207673487456,26.68947327941165,1,1
12,5,29,0.32670253963978935,36.176913305041694,0,0
19,2,43,36.024275890150534,30.081446883149972,1,2
9,4,41,19.223036433766055,37.4873417342535,0,0
5,4,45,43.325238993232325,27.042978065180314,1,2
11,0,23,28.72170607809131,20.909493397411996,0,0
15,3,26,7.412151342944795,24.834984470897886,1,2
17,2,17,44.79258705889655,24.054135163374255,1,2
1,2,21,9.377678235899378,20.48601832436009,0,0
10,1,8,47.338542302179455,22.941926717907656,1,2
20,6,35,39.75854324759824,21.321718064062168,0,0
19,2,42,0.7697128876937243,23.957692257257207,1,2
17,6,42,41.06237812566899,29.124173314214033,1,2
19,5,14,38.2621068462114,20.850961353413833,0,0
23,6,7,7.736190280967631,26.50518085589976,0,0
19,6,34,5.839579852398325,31.84268151318217,0,0
0,2,7,24.856138768489345,34.04054973661396,1,1
12,5,4,25.114501217354523,23.0115853120528,1,2
21,6,35,20.097502352255376,25.896081434647247,1,2
7,2,29,36.406365443228886,28.082778077160512,1,2
1,4,18,38.0654524388722,21.8424333017801,0,0
2,4,37,2.505677903528408,25.563908455340226,1,1
3,5,6,4.837972600478757,35.35023024734937,0,0
12,2,49,27.66350336222741,22.104642727495985,0,0
12,1,32,9.158355539337649,30.141687684855725,1,1
17,4,7,23.64732937215398,31.58515203817842,1,2
11,2,35,37.95427022303036,25.443937760079418,0,0
6,6,27,40.06962827268991,26.99414950709797,1,2
5,1,19,33.570919077469746,39.720732251780944,1,1
19,0,45,41.38267781527321,24.028477697528405,0,0
3,0,33,3.61431110533017,26.35245919834576,1,1
15,5,1,32.08257741661612,27.565263012377798,1,2
23,1,35,10.715611186948127,27.30589326386003,0,0
23,3,2,17.36685420494944,38.61857128287587,1,2
20,2,13,35.94975402165938,20.405352925444003,1,2
1,1,1,20.172453881175095,29.228694103780374,0,0
5,0,1,20.521828162054128,22.69333888680144,1,1
8,4,27,39.17589594202414,36.41546858487486,0,0
22,1,27,24.245336077495693,27.582370524453218,1,2
2,5,37,42.18023929844596,36.8266794825421,1,1
4,0,37,25.945509944903044,26.547076380891024,0,0
5,0,48,49.704825090031676,32.48637019746043,1,2
22,4,17,28.922417082730924,26.27879076139343,1,2
12,1,42,11.501484060783445,25.99768842872912,1,1
1,4,15,25.845370303057898,33.3511315111449,0,0
16,3,32,19.234830242576873,23.86299056646554,1,2
8,2,33,3.4434818956099624,32.61073739824143,0,0
11,1,3,25.364775436758467,21.761652560077238,1,2
1,1,10,27.9463546664629,24.051692750008186,0,0
15,1,2,41.897131728033635,22.476254376990127,0,0
5,6,14,5.919777258077552,33.50452464621515,1,1
22,0,47,0.7128421037616406,32.0051403227118,0,0
20,0,47,31.95536728286701,22.201254858117164,1,2
14,4,40,41.976076606790194,37.059765096452196,0,0
23,5,36,7.007148247511519,25.427809895569442,1,2
12,0,4,26.24632992454504,34.824403265991265,0,0
7,1,42,42.30332203060151,37.58754382530705,0,0
10,1,13,32.830822434397675,31.808595770190173,1,2
22,5,30,12.263817685891915,35.700135617748494,1,2
13,1,36,14.864187606234431,32.59969149536682,0,0
3,4,19,41.986235086299786,20.22791439281667,1,2
22,3,33,17.688582587913444,21.525334336167557,1,2
8,3,36,42.10169340694102,30.23060800043919,0,0
2,2,30,19.433349012070806,36.70937227519076,0,0
1,0,40,37.33225108050212,29.722094523270638,0,0
3,5,5,45.36412240662963,37.33123405614084,1,2
3,1,22,40.11922873357212,37.78126821295359,0,0
9,0,18,7.845584429175095,23.95385496007071,0,0
21,1,24,17.585956249882866,29.202382636857106,0,0
4,4,13,47.95172664503506,23.023542598364607,1,2
14,5,1,7.112837554341855,31.46510312920324,1,1
12,6,3,10.60673568134623,36.83730137230796,0,0
1,6,46,19.777794674882525,37.577573436644116,1,1
1,4,40,18.039745797945482,23.412420877413666,1,1
20,2,45,19.233904606810963,30.80739582789449,1,2
0,1,4,12.734718176100523,21.85055890227847,1,1
1,0,34,31.16767512996382,37.25892545817013,1,1
6,0,45,37.98933240342938,35.034590642326435,1,2
0,0,44,41.455145970534524,39.12438360206043,0,0
9,6,23,17.46676438853753,34.301716546862195,1,1
9,6,10,11.097764863048399,34.195730408339344,1,1
2,6,10,33.20980237639194,32.86994681155652,1,1
11,4,13,1.3963416723654198,27.252020974797574,0,0
5,4,28,14.354933237251194,20.937427514650825,1,1
3,4,15,13.31545224981009,30.91818567209488,1,1
22,4,4,20.49664581864583,28.4009781694692,0,0
2,0,16,30.115527021762244,31.335953824840423,0,0
23,1,26,18.2804300243202,27.683248541823428,0,0
18,3,32,1.5135362735596292,38.041339443493584,0,0
23,3,40,9.542779542342556,36.51909421318131,0,0
6,4,18,13.069650481957156,25.68576527239458,1,1
19,5,13,47.14590746349492,32.94183575333143,1,2
2,2,14,24.013302258608547,35.18833350456983,1,1
14,6,7,7.433282963999776,37.47107002009732,0,0
13,5,23,31.86456483987031,36.874872460760734,1,2
11,4,3,2.4293032720077266,25.576584136017004,0,0
16,4,18,42.159507697150204,37.09958702806141,0,0
23,1,41,13.133025745196274,22.309968313784132,1,2
21,5,46,7.854954987040025,38.83239572135175,0,0
9,3,6,16.794861698489395,25.267859062375766,1,1
10,5,27,46.78769812952237,36.030219433305476,1,2
6,3,42,35.43819227304104,27.359560838272735,0,0
21,5,25,36.67871069593714,33.66415618066881,1,2
22,1,17,39.8890929627733,32.30012877543231,1,2
20,6,4,48.159119582709785,33.51773730972969,1,2
21,4,9,21.404125540949394,31.37611395088662,1,2
20,0,45,18.28334835407372,34.58986401219804,1,2
4,3,44,10.196748109569986,24.228822651476996,0,0
1,2,44,47.43208251051676,21.605046648530916,1,2
0,3,24,20.872092553843117,31.481701314976522,0,0
9,4,15,21.698923929140584,31.16147473891092,1,1
1,3,1,25.87735953741634,34.19560897707093,0,0
8,3,12,36.267424756778674,21.82261509584698,1,2
15,1,9,47.57820478250426,38.29991083920285,1,2
0,1,20,42.55645165920274,29.851463980646322,1,1
20,6,34,10.831050765389488,22.56331863043001,1,2
23,2,32,37.766723735092704,28.077619986701983,0,0
13,4,35,42.40079332250138,30.106736355408813,1,2
23,0,45,44.21226072740714,26.070606619158582,1,2
21,1,33,18.127718852556324,31.483440012567577,1,2
17,1,31,46.007278935523374,31.51871127330356,1,2
16,5,28,2.8996925970390555,34.922230127072055,0,0
16,2,43,22.88257302311476,22.060938258788685,1,2
13,6,38,7.513867154041925,33.771280216255725,0,0
21,3,37,48.79744576219815,26.66664115753904,0,0
12,2,23,30.878416761439915,21.02606137315696,0,0
18,5,34,3.5794453862887377,24.593040463116246,0,0
22,4,39,11.876795700635062,31.63282178749367,1,2
11,3,24,2.2103024431321785,35.332862861095194,0,0
0,4,17,2.568896506602086,38.510634143196704,0,0
4,2,9,31.445321598228755,32.61391960901017,1,1
18,4,23,1.0013384232138711,34.61777807003646,0,0
6,5,7,41.65137080439747,37.218534791583195,1,2
8,6,38,12.85908103020909,28.55364952498384,0,0
14,4,36,8.899062316999851,39.467422786911385,1,2
20,3,24,23.592013642826597,39.446022867234284,1,2
14,4,3,1.240186010690536,39.79232652125005,1,1
6,1,29,49.070200684629555,38.821512797727394,0,0
15,3,44,2.712297661491181,32.39789622698795,1,1
6,1,45,45.39959375429456,39.28259593804968,0,0
7,3,34,22.497812937087296,27.156259629148582,0,0
11,6,4,9.76427492772644,25.045926175762666,0,0
13,6,32,29.54326007079755,21.78651578867366,1,2
11,1,25,26.97807676926356,38.08539732047951,0,0
6,4,9,3.8136137545163207,27.275181010113165,0,0
13,1,16,42.83287612412981,21.415803517667186,1,2
3,3,33,22.480930021495137,24.823452297587878,1,1
16,0,9,16.047485197222194,22.324407342253025,0,0
14,5,36,12.618498316464322,28.891504258309165,0,0
12,2,10,2.201752258836426,22.26895574741536,0,0
23,0,21,20.208845189998677,21.848287746843578,0,0
15,3,49,48.7033520367762,37.03881473747667,1,2
5,5,28,41.09219028008417,36.15303527291543,1,2
10,2,29,16.065494491551842,38.77349220713133,1,1
3,5,42,40.879100313214806,31.039211948103954,0,0
14,1,19,33.53291396287912,34.57238923394925,1,2
23,1,40,33.322119814242576,38.048161156369446,0,0
11,2,32,7.1888539483723255,20.983049665131762,1,1
19,1,20,13.510566979865962,38.30142395746383,1,2
17,4,3,1.415223517611408,24.142474572717255,0,0
21,1,39,4.233494067586097,26.074298373410226,1,2
7,0,22,47.753314756159895,32.33640929909949,0,0
18,5,1,12.771131995974766,33.88773838265222,0,0
2,6,17,20.933435645555804,38.04839519351501,0,0
0,4,31,14.58697579334826,37.310159909020435,0,0
15,4,31,36.46668371628811,27.605232296291042,0,0
1,6,20,8.767901342996376,36.53571482362238,1,1
19,4,15,45.266142119403376,36.65272423377534,0,0
18,4,13,5.196695116314914,27.676157813982606,0,0
18,0,49,35.360275035140184,24.27142229585793,0,0
0,2,38,36.344684416857916,23.279163331623987,0,0
21,6,21,32.05776600529507,23.85723380110487,0,0
17,0,22,33.689123309975585,29.46077002540833,0,0
12,2,31,42.11506081650744,33.50282709391446,0,0
6,1,16,47.611037907862844,31.626996891928005,0,0
4,2,35,9.700791114673663,22.71307612742348,0,0
10,1,17,34.30723393610951,39.40521383422052,0,0
19,4,29,47.85420753091717,22.763618885841424,0,0
22,2,19,23.48982994820872,27.320324531744927,1,2
8,5,13,29.273150963721843,26.934953066931158,0,0
9,3,6,43.49991243315611,22.563319308486708,1,2
22,1,29,7.396312761427759,39.908618693956456,1,2
11,0,24,45.354793485144874,22.093531740897216,0,0
2,1,17,26.76212812170535,32.858836451751046,1,1
0,6,25,29.32428599959645,32.15753599354892,0,0
19,3,7,32.06671229145211,22.30943431940946,0,0
1,5,20,23.29309923316705,39.71492790789735,0,0
4,0,34,16.513785540858617,38.87948872356925,0,0
3,3,40,16.687750533938996,27.70515151766159,0,0
22,3,38,20.687039143928043,34.165857413505904,1,2
23,0,35,20.350808729217533,34.501667555854056,0,0
8,5,30,30.815999932430728,35.263428840517044,1,2
14,2,48,21.78228582323653,32.218170936600686,0,0
11,0,45,29.082743749755792,34.608214860829094,1,2
5,1,37,32.79484034124688,28.22307552407125,1,1
0,4,15,44.52933561276938,28.16510887140025,0,0
21,6,4,19.432694562206315,22.815289535563455,1,2
1,6,34,8.13171735444529,29.725511186857734,0,0
18,0,11,15.008321001949792,39.99413229542905,0,0
8,4,49,40.0203177410232,38.99471011006021,1,2
21,6,22,46.920940854258966,28.959697944999732,1,2
9,2,10,16.96186537214212,22.29081372015765,1,1
10,0,15,33.57349752558062,29.172654596130897,0,0
23,5,19,1.4146193561460463,25.693228791878624,0,0
20,0,47,9.33306139331538,38.812923309277735,0,0
2,1,39,12.954521626051024,39.06202641051472,0,0
16,2,37,30.72459425013088,20.423384193954483,0,0
0,1,43,46.298143555228535,22.900076750439766,1,1
9,5,39,41.00303531903895,31.741697965231552,1,2
14,1,41,27.878267376724054,30.77430076551586,1,2
2,6,25,48.846858611619574,28.67909965561376,1,2
8,0,18,12.425033247591276,28.75820137408306,1,1
8,1,12,35.90880052624392,36.86533019103919,1,2
4,1,35,6.760389515632842,27.228185487701474,1,1
19,3,21,11.485366259434926,30.702694194035043,1,2
21,5,25,40.346305035048395,33.629376303003,1,2
15,4,45,9.908316723074078,29.632345860133555,0,0
5,3,6,33.769032025310935,32.26620817548988,1,1
9,0,35,44.736583147437344,39.40967511323751,0,0
9,0,18,4.348989951505344,33.5333194736731,0,0
1,6,23,10.802548336956235,28.602568194287144,1,1
19,5,16,19.982989972779347,26.369783355781053,0,0
8,5,33,41.36778865351582,29.24098408575972,1,2
14,2,27,9.371033116133349,25.529827617170255,0,0
6,6,23,23.82387305888156,36.04367293365288,0,0
17,5,44,25.798161651954505,22.51699145724811,0,0
18,3,2,33.81912871810117,35.02265684108542,0,0
19,5,48,6.405845816493155,34.36792407161647,1,2
1,1,11,22.438069628369927,27.35121154900645,0,0
12,6,26,23.736783236037475,26.162881871202615,0,0
3,1,22,47.63417142340348,23.35504329220517,0,0
20,3,15,41.20279669067751,32.84338242102921,0,0
0,2,32,1.6886796999715403,24.237760975581836,1,1
7,1,49,5.076053804044244,39.291710265247936,1,1
7,4,34,41.24024116058358,33.354558386020344,0,0
0,4,49,32.90767243196083,26.096705764481108,0,0
2,5,3,14.838366716771217,30.925192611198383,0,0
18,5,21,7.223674444852001,37.929037757407315,0,0
23,1,42,44.37317224590352,26.3594194075877,1,2
12,2,47,47.02767473763027,34.08428478656699,0,0
4,6,39,49.4895502382453,26.683805506436027,1,2
4,2,2,20.97680389397294,34.85204594520551,0,0
20,5,26,37.42572838784981,26.799089576819803,1,2
2,6,14,49.4754453447234,21.906482151577723,1,2
12,3,5,42.606718149719164,29.06564994528512,1,2
19,4,28,18.186377165204746,25.97895966200241,1,2
11,2,15,25.43896960141358,26.31594399557701,1,2
20,2,37,18.749102412442813,27.59635154798682,0,0
8,1,45,1.857826734859247,21.561142147105066,0,0
12,4,16,18.455263293814145,26.88389717774224,1,2
3,5,32,20.494105789571215,23.718924810422198,0,0
5,5,14,8.889224455916779,27.77873914350245,0,0
10,4,6,21.495419016714607,26.907462392926657,1,2
15,2,8,49.034240996207444,21.661453295249846,1,2
14,3,6,11.997900088616992,30.614764835607907,1,2
3,1,24,16.28561036746637,24.417260494341576,1,1
19,6,8,3.0128708159707305,26.31966237348184,1,2
9,6,18,40.229303595581115,39.4032147109035,0,0
8,2,26,45.413645590893125,39.57088462869623,1,2
16,2,47,49.7082309482561,20.585247905436646,0,0
0,0,16,35.26313573751556,33.8577099132891,1,1
4,5,26,12.90263994670829,30.434240541559504,0,0
18,0,7,20.276212665663884,39.718676642249946,1,2
8,6,25,17.59918233333897,22.59003887186683,1,1
15,5,8,41.83440649141314,39.2592619839775,0,0
21,3,27,22.825015471619004,23.223258558749944,1,2
5,5,12,2.971871068020943,37.445555926879,0,0
1,1,17,47.312573194902804,34.07719737508957,0,0
3,2,6,41.78135550474643,28.49918561774148,0,0
5,2,10,9.900413041094497,23.714943658930782,0,0
19,4,24,32.297569592673156,32.83269494606715,1,2
22,0,49,37.918398778126324,23.6877618114068,1,2
13,1,46,11.994717842361185,24.15471626340103,1,2
6,6,44,17.37014990024574,29.912746565189288,1,1
3,4,35,3.736380553721058,34.44679002329567,0,0
3,5,29,36.4935448784666,39.878926504512975,0,0
17,0,8,12.89063336159139,32.64276799016703,1,2
0,3,25,39.2969758698172,27.087740870282893,1,1
15,4,25,40.22805684125082,30.109925931771116,0,0
19,1,15,18.695181042516275,36.79155884663086,1,2
1,5,24,13.88957965801158,31.913852315694598,0,0
22,5,4,35.12996513212945,30.051624607972297,1,2
19,4,36,40.41474668525763,37.05925615540214,0,0
9,4,4,14.848111581826707,28.343579501624845,0,0
10,4,6,34.31523251092474,34.94035376913574,0,0
0,5,30,40.14801766509172,32.0249602711601,1,1
0,5,7,23.33830401610793,32.01370956522392,0,0
12,0,32,25.326664645003703,37.526500426456856,1,2
18,4,26,46.46033436926329,23.322712320928723,0,0
14,4,47,2.9852901305391146,27.229501031055086,0,0
11,6,8,49.44678819818286,39.50766552735938,1,2
15,6,12,48.35456649326172,30.377231789486004,1,2
11,1,32,32.504187008423926,22.446536348459098,1,2
2,1,33,18.326717192095053,21.560094005480746,1,1
20,5,45,13.038877740336885,33.382247947402504,1,2
7,5,44,49.39012030610315,32.83264664719172,1,2
15,3,44,22.135971076620226,30.041519378053383,1,2
4,3,46,29.923042462374916,31.149063192210384,0,0
14,0,43,30.30152906253518,23.825072967380493,1,2
4,4,45,25.80376573893195,33.40236106677797,1,1
13,1,13,10.217377878717981,25.822668788425176,0,0
1,0,3,39.730939363560516,31.8355849327477,1,1
9,6,18,33.06984377406653,23.878699700858835,0,0
15,2,33,9.303767078526953,25.422212990943095,1,2
1,0,36,7.45569147850188,38.839794546942684,0,0
13,1,25,17.459191079022872,24.894774550723977,1,2
20,3,4,4.554563115560262,36.81753324931363,0,0
5,2,30,35.26496677892472,32.14633980612032,0,0
23,5,19,48.650435472982295,21.70767534714241,1,2
4,6,6,45.923931942737,25.018230424852355,0,0
9,2,9,27.811588533196634,38.391550148339356,0,0
13,1,49,38.48360099786145,22.25450867921969,1,2
2,1,5,49.9458578098091,20.600076290088975,1,2
13,0,15,17.122725358003592,29.555928930896286,0,0
13,6,30,19.891675394589488,25.451419834512286,1,2
1,0,33,27.295453797938723,34.13083772065451,1,1
14,5,14,6.394526100130538,36.0184453551453,1,1
10,0,8,29.82822843246889,39.184049649780334,1,2
3,4,40,15.42776190657355,29.05170101541586,1,1
13,4,39,15.786875381436023,24.34381011689286,1,2
3,5,36,34.67385451513664,38.17618734931556,1,1
8,0,17,9.220883392219248,20.42507170170858,1,1
7,4,7,20.04239224971168,37.21678534147771,1,1
22,0,43,9.769149659191301,32.079100615641615,1,2
9,5,48,14.96336053360653,24.076719294307736,0,0
2,5,30,6.722554254748159,27.79193786578864,0,0
12,1,29,16.645176498814717,28.692432186350565,0,0
2,6,43,39.43671204373933,39.69618374028103,0,0
19,1,47,46.226293976841326,26.381908544080815,1,2
8,6,46,28.62121064650095,27.981506390920366,1,2
16,5,9,8.711100515945713,24.277059214136546,0,0
16,4,29,6.891418697411672,29.10642519830347,0,0
15,4,17,14.31863347680331,26.507331735259925,0,0
22,3,20,44.20870416309611,30.33168799393098,1,2
8,1,30,48.1217828897364,29.406224124546885,1,2
20,4,43,8.486070986038746,38.76568921563646,0,0
14,4,11,10.927444054907898,23.444494380850745,0,0
10,2,3,43.7782072630138,39.41129372384804,1,2
21,2,40,28.516981197403673,30.778367018844726,0,0
11,6,30,47.91624262136272,24.281062033283714,0,0
13,0,2,25.035678212390643,36.9771681657488,0,0
18,3,25,38.01725498732321,20.23586240091807,0,0
21,1,21,15.550839461972155,21.930935395236368,1,2
20,6,36,21.97688574261873,28.072163216711775,0,0
9,3,13,38.269352261457655,21.722927858264296,1,2
16,4,18,14.278613272131413,25.26876231675675,1,2
22,2,31,15.005461345112419,29.245900133427504,0,0
13,2,16,12.413562967507142,32.423022619957926,0,0
21,0,26,28.92310270266692,22.457596089907447,0,0
2,4,41,23.099849689520536,23.256262059096645,1,1
5,6,13,4.4671253400571045,34.12692049933402,1,1
5,1,27,20.977781537733414,30.446399023066192,0,0
18,2,16,14.888176068299918,38.32344066367717,0,0
12,0,37,33.19628668251207,32.9980003213361,0,0
5,0,35,22.86854691526895,33.483315864620096,0,0
5,5,10,0.5948608249892018,37.445908292181386,0,0
19,1,19,40.19360116625417,39.266535677328875,0,0
15,0,22,2.0599850002952724,26.11081044458055,0,0
9,3,4,33.18896227712432,36.968680527084956,0,0
3,3,24,20.305549555792695,38.27469605819632,1,1
22,4,8,14.082130696972412,34.072762733203284,0,0
23,3,49,29.607983165480345,31.076892052917902,1,2
15,4,46,12.393403737716808,29.98457815728105,0,0
5,1,1,6.220556492257689,23.678061781394632,1,1
6,0,14,20.404691921365337,35.18804615660231,1,1
5,1,46,45.69481305402823,21.5453728947686,1,2
13,4,45,47.23790119101842,23.932466080271965,1,2
2,1,33,47.12280803113752,27.212345672529878,1,2
19,1,25,30.866275153104578,29.622185583398746,1,2
14,5,48,6.725403718770923,36.296854550893684,1,1
10,0,32,0.3820223088996322,27.523852937910014,1,1
13,5,12,4.988255373878242,24.73581487734367,0,0
22,6,25,19.771788729949556,36.040256325268274,1,2
20,2,46,7.046985228752634,38.20135236619737,0,0
6,1,43,32.330534714884834,35.67620137354542,0,0
5,3,26,20.96337988568274,25.861486440829403,0,0
2,1,13,7.5895697680941065,30.093917099925562,1,1
9,0,17,18.5667073588058,22.228314727772855,1,1
9,6,22,4.830525018143655,34.95576646628577,1,1
20,4,10,5.4047425549426205,36.789474590266686,0,0
23,5,29,33.737385284695605,25.128040611967144,1,2
17,5,24,15.38452853516381,33.02575179192259,0,0
1,6,5,41.13778422657035,38.50967590924385,1,1
5,4,45,21.337072160297055,35.18744270299628,1,1
13,3,42,21.568668125486816,33.31640620682997,1,2
18,1,11,0.48731893496699596,31.081546339949497,0,0
20,1,6,28.442134535097757,38.94656312155591,1,2
15,1,1,40.67656738457764,31.700640013062795,1,2
23,3,5,31.53017794286145,33.6864043034118,1,2
0,6,28,3.279197938648759,27.16931197918846,0,0
3,3,39,15.204317233515024,34.902495512015044,0,0
9,6,20,4.6875528895713785,21.958246792740592,0,0
6,0,48,48.04322406395314,30.58915199570205,1,2
9,2,42,13.85324936787779,22.109213605907215,0,0
8,5,44,35.429326658732904,24.041292634274996,1,2
10,2,49,3.168148326293019,29.720999138971592,1,1
19,0,49,15.650888215092063,32.44308225413861,0,0
23,0,26,12.850014957854878,22.41071851258574,1,2
15,6,6,8.480895405454476,26.38136703994337,0,0
17,0,15,45.59779691984605,29.926179108715157,0,0
11,2,12,7.281208400932515,30.718325779894244,1,1
8,4,40,8.321502197084346,20.38825412312914,1,1
23,0,11,19.775776642113435,26.792383406877985,0,0
17,6,22,5.824582209351337,32.71818844081652,0,0
16,0,47,3.567693120509391,31.956547772166335,1,2
11,0,40,31.920197858208592,20.335053755093334,0,0
5,2,6,19.14610955877051,33.667021015034216,1,1
22,4,33,12.16017084277048,39.17258259342284,0,0
3,5,13,1.1815683696944967,37.57719882949104,1,1
23,0,3,37.96056503612471,35.50234734204169,0,0
21,5,43,4.9063298208937125,33.50087077983355,0,0
11,6,44,12.08826445614189,21.1273487608998,0,0
18,5,19,10.277293034369473,39.455147198673075,1,2
5,6,36,38.93576532426202,26.908203154199335,1,2
0,6,34,32.99701961054126,28.488942397465117,1,1
5,1,28,26.945652832648626,25.8662926175685,0,0
21,4,39,44.07994839115556,24.678022470604503,0,0
0,2,36,21.318843313937148,38.96170448601604,0,0
4,6,13,48.89925950413351,37.25786110164219,1,2
1,6,43,43.351636480546674,26.650844767510755,1,1
0,6,30,12.374147907444588,34.65648629594879,0,0
12,5,40,21.109691791211958,32.11120957991979,0,0
5,5,7,4.423998140461055,34.59825035929861,1,1
0,2,40,0.7451473695071709,26.834501796690276,1,1
11,6,12,2.723078828563985,22.791662329442197,1,1
21,2,9,9.992249885336069,37.68414709987515,0,0
0,0,23,34.495127375452746,21.32348450445742,1,1
21,1,31,49.936279337913156,24.79715264609688,0,0
23,3,27,5.802297755354379,38.428527950163215,1,2
14,1,14,26.562480308617914,34.38725631197736,1,2
7,2,20,17.507485280693114,36.15694238123439,1,1
5,5,1,33.381588570004006,33.72217926020835,1,1
11,5,15,2.555873090314842,33.56436424924734,0,0
6,2,30,26.486292293191223,30.45522462454096,0,0
9,6,23,11.901623488690099,30.151811490882952,0,0
4,4,16,41.70472468170901,29.708580824146054,0,0
10,0,4,41.99340792633345,31.065023440849682,0,0
3,0,1,1.1791678648192694,38.55976738313959,1,1
4,2,15,9.838873088302503,38.65506623600813,0,0
4,5,30,42.957457406977696,38.561197451590814,0,0
5,6,49,4.8175112548582755,27.300365092673147,0,0
7,4,8,28.515508913119753,20.697532718276236,1,1
8,6,48,19.269953092746846,37.3960284575341,1,1
5,4,40,42.88510940541009,23.876321190232552,0,0
21,3,43,15.0875964772896,26.080863201376385,1,2
11,1,6,3.6725946787932506,31.168234907266168,0,0
23,6,14,40.29943754627269,29.041941106391786,1,2
15,4,10,19.61846360248266,27.607976389650528,1,2
23,4,5,3.492213799215688,31.25237857013159,0,0
5,1,43,0.5996641474713071,27.009410465642603,0,0
4,3,16,35.314450692711446,37.192433942470224,0,0
15,0,49,36.63812058323199,38.32064982582342,0,0
17,6,43,6.882185990708367,39.698980860076404,0,0
14,0,2,43.816664502840375,32.58778470846376,0,0
12,0,39,26.128950771035214,29.728509258505554,1,2
14,3,42,10.614229020675126,25.736700417404613,0,0
2,0,6,49.763363897274594,31.50758440590479,0,0
5,5,17,47.48672215286199,33.46947727901548,1,2
19,0,33,18.86236098099841,33.45323481508203,1,2
19,2,25,8.383657754898483,35.677251605100565,1,2
2,4,44,37.3541364510175,38.78891548079769,0,0
0,6,34,1.5785216845020988,26.311864922498366,0,0
21,6,44,42.659551239900104,32.32298006144213,1,2
15,5,7,35.86294967552552,26.823729958181808,1,2
4,4,45,35.852316854584906,39.61441463665483,1,1
0,3,23,17.826840301466838,37.37649704560751,1,1
20,0,24,15.030226065027868,21.27351225139019,0,0
10,3,42,41.19291058964131,22.190002576564225,1,2
10,4,9,15.294186499590335,31.26178759091932,1,1
18,0,13,9.659924542866499,38.7976865578142,1,2
22,6,8,25.662178615370024,22.707262292138328,1,2
0,5,4,19.719632828834392,34.92724131164401,0,0
4,3,31,35.94117551219657,27.29593548251353,0,0
10,5,21,23.204022475027173,39.881352931037554,1,2
22,5,5,1.7736125676693137,21.169179412005562,0,0
10,6,34,4.746481607360254,30.318776181099615,1,1
20,0,7,44.998086603854134,21.38593110476563,1,2
13,1,47,36.933811774122546,27.931420257904797,0,0
9,0,32,49.4640092674843,21.45794460163172,1,2
1,2,21,17.91741243372075,22.823534725284276,0,0
0,2,47,26.135809170384245,24.390483517880703,1,1
15,4,48,20.653827817057387,20.857369968689177,0,0
12,3,29,7.415523608997987,21.973873532044948,1,1
11,2,6,11.389658753517168,36.01403679102934,1,1
5,0,31,41.8334325442719,21.177215893241964,1,2
3,5,49,17.423099566165657,33.654850061785,0,0
15,6,39,16.56466401991891,21.50507867313251,0,0
5,0,34,6.93861568137637,23.03443621369974,0,0
14,5,45,9.873746108459553,22.423124393436808,1,2
4,3,18,42.93782000292472,33.422629926610725,1,2
17,1,15,26.00208494834303,34.46051482761804,1,2
2,3,43,30.4420431419554,32.1173664719446,0,0
22,2,47,4.063229363837956,21.13590613078349,0,0
9,1,27,3.3483618407588733,25.883156772677403,0,0
5,6,14,47.5370418312432,38.697725899688166,1,2
21,6,2,2.9958914151613447,23.915853304484667,0,0
5,2,4,17.804541594141387,36.24563360265431,1,1
3,2,38,16.40137683074182,32.038551015219454,1,1
15,1,48,22.582221046295746,26.876579521236966,1,2
18,0,35,48.24685476767757,37.86343279227695,0,0
6,0,34,1.3059170645583262,33.85899219740001,1,1
18,1,26,20.642626344032276,29.544609485579265,0,0
7,2,30,3.1271850058870063,20.665675133101963,0,0
23,5,35,38.269543799294226,34.179921319829596,1,2
2,4,4,19.733108832549917,38.58091069612571,1,1
14,4,19,12.499501515076506,39.783499245682926,0,0
4,4,22,23.68025934536899,25.31658559558609,0,0
14,4,17,16.549809022431567,31.278491028891665,0,0
11,5,19,6.875655281738058,34.622793860116715,0,0
5,1,16,43.30282940147445,25.677728402260556,1,2
23,1,41,1.2891386754700307,29.498096679735497,0,0
1,5,1,14.300662074176863,22.512463048348206,1,1
13,5,8,17.845625812133243,20.928410432180723,1,2
18,0,40,29.75672302972645,32.05730943255972,1,2
10,0,19,39.091166460588816,24.120449725824592,0,0
2,6,48,6.995265153314046,38.99108852762082,0,0
19,0,34,39.05158884588472,36.24757683496004,0,0
9,2,14,30.16184265313493,20.580973809221586,1,2
1,2,18,31.678386604480952,27.913483672943997,1,1
7,3,10,5.32452480881479,22.630422708421346,1,1
18,0,26,15.027645531918937,23.22272025292658,0,0
14,1,30,8.637071808889797,32.6465383409125,0,0
21,1,24,28.767164881126668,25.91057857990106,1,2
15,6,12,27.028852050024792,20.229733141950796,0,0
19,6,32,2.2588085677272662,30.674480046283374,0,0
16,0,46,6.291400918866197,24.266278526873165,1,2
19,1,21,23.974504415095765,23.687223884125107,0,0
5,2,8,32.88664922194015,35.88780278729767,0,0
9,6,46,35.21883740958988,24.63979573847014,1,2
1,6,17,9.500684571915945,36.202318882424905,1,1
8,2,41,32.03908150366771,35.41313264074334,0,0
20,6,7,45.53061929311981,37.48070234702658,0,0
5,4,1,37.23886826708544,22.41222564182051,1,2
7,0,19,43.15365796145328,36.95004133767938,1,2
4,1,32,5.221831757485185,23.103681226180235,0,0
9,1,13,45.54102522720926,32.162547070068186,1,2
6,3,13,23.465365470719025,37.0311430987272,0,0
23,3,41,12.117476554111894,28.95088170942941,0,0
12,2,9,32.332867106177,28.151731898823833,0,0
3,3,25,23.608579642186868,24.051077039492196,1,1
23,5,14,40.72079640763145,32.22442064234271,0,0
19,5,19,26.627625837306347,30.445952695941415,1,2
15,0,36,31.55078152549164,29.97879521824367,0,0
9,6,5,6.12925453977935,28.917163501182763,1,1
16,4,48,49.12109056394813,30.661972172277686,0,0
23,6,3,40.17398311665295,31.234452047024668,1,2
9,6,5,25.915799129822194,32.482684991994844,1,2
14,5,42,16.189645500342,20.918189593492496,1,2
2,1,39,6.952555613484507,35.687452897810644,0,0
22,5,44,21.12164557716894,38.92309560852968,0,0
9,4,8,3.87272331274221,27.788541107514174,1,1
0,1,27,4.14197443263144,22.73187905317228,0,0
8,4,13,9.752510851875618,21.776403543885845,1,1
4,2,31,14.156771700927905,32.391135818253844,1,1
14,6,14,33.57891172803251,36.43052071599077,0,0
5,2,24,35.446499935772195,30.24086603626536,1,2
0,6,4,0.8904682863664137,24.504337346355666,1,1
22,4,15,47.95750063988512,21.640924768467954,0,0
16,6,30,34.62686477409782,31.641954103359566,1,2
19,2,45,41.660353690313606,29.864217329837317,0,0
15,2,18,8.183331597569316,28.591503600123666,1,2
8,3,26,16.743702968821562,25.43775317182148,1,1
1,3,36,40.85221823140709,29.47605396767201,0,0
9,0,26,24.20658122258904,30.559347033544206,0,0
22,6,45,33.66476148580554,25.78768848901002,0,0
15,5,48,6.922234957075224,25.110021826488314,0,0
23,4,43,31.28202170143873,35.16350704647207,0,0
5,1,34,10.862015316412265,36.70418829394016,0,0
11,2,47,35.049382593931156,35.633158080952455,0,0
14,2,34,22.80054507479286,33.296177551520856,0,0
20,0,10,43.177455254882716,32.02429033580574,1,2
15,3,20,1.576596760763782,37.45219814770144,1,1
2,2,41,12.351193241358532,39.3806050159255,1,1
7,0,18,34.772936821745795,29.19250207251436,0,0
13,1,14,16.79533552621391,27.824844987965303,1,2
15,0,34,23.010808852394703,32.2186094026635,1,2
4,5,35,47.351204875658986,28.823083886450934,0,0
4,0,6,33.05936117598928,25.14625603826663,0,0
15,1,25,19.276135089703043,26.989814265383714,1,2
21,2,22,37.07154255653205,22.153377694371294,0,0
9,3,12,45.8263135594429,38.67878704091001,0,0
22,5,28,17.780264867794216,37.7639104590255,1,2
7,4,32,31.999795427809442,22.260297763873755,1,2
8,0,26,29.923912781622253,38.668326655960186,0,0
14,0,30,3.720606919183367,35.55999209124157,1,1
18,2,2,14.792613161251216,26.670379513333806,0,0
8,2,39,38.64877923310208,30.76917990806755,1,2
1,4,37,10.868095649967469,28.14847995971324,1,1
10,6,15,0.08381923399580771,20.886388757133595,0,0
4,5,5,46.484502038590826,31.20838748069292,1,2
2,0,27,41.87149243554132,24.914809738914556,0,0
7,6,7,1.4374923805641482,29.415239415324244,0,0
7,6,46,38.12760414447988,34.003792158916426,0,0
3,3,20,23.40719168927969,28.355578909024622,0,0
12,2,12,41.66169228880938,22.243775681274368,0,0
15,1,13,44.73663023329972,31.882202017048833,1,2
4,4,32,5.3013498010663405,28.108781953592093,1,1
0,1,32,7.712144858078329,23.044582057063916,1,1
7,6,25,40.96568865671779,28.948740783592534,0,0
3,0,17,7.664827761939086,21.94848658058507,0,0
8,4,40,43.07131290608961,39.42699201562341,0,0
17,5,9,25.386938149425227,30.12442649358997,1,2
23,2,20,16.688242279131643,31.351510128736027,0,0
15,6,41,10.78552871914194,31.478739998370855,1,2
3,5,1,14.001329324733035,26.679545033788195,0,0
22,3,33,28.544142824508278,26.106897651182067,1,2
16,0,39,43.2292365820841,20.822027195778624,0,0
22,3,7,44.48262136295713,25.012624521713207,0,0
16,0,36,11.421732014226121,25.34550631884339,0,0
3,0,27,45.367077022115524,26.979656723429162,0,0
5,0,19,6.514039963170609,27.283501713541625,1,1
16,3,46,38.468648952987024,23.798145436001203,1,2
11,2,42,25.998997415119586,22.879800632954844,0,0
21,3,40,2.433494261327013,38.13396119082118,0,0
6,4,45,18.726461302087166,25.42479442333667,1,1
6,5,1,30.598795610196422,32.441295623198556,1,1
13,5,39,31.827010129213296,34.29143110561852,1,2
9,2,6,44.93096120283784,24.811704641412604,1,2
1,3,47,44.887380856957215,39.5470906127249,0,0
22,2,25,7.660107846447206,24.250715003837893,0,0
2,5,43,17.029549547059585,37.47060334635423,0,0
14,2,16,10.40723578675991,35.66445084488956,1,2
0,5,10,24.723602041236358,27.42010672904043,1,1
22,1,36,46.157859759531874,29.47428161481853,0,0
1,6,15,49.73102155974283,36.9791047970727,1,2
15,1,4,10.408576249885531,20.71099379207428,1,2
21,6,3,24.41581193842787,34.19466356191441,0,0
6,1,13,43.624751125833704,36.72084390683618,0,0
22,3,30,41.02764517547779,27.566901764678427,1,2
7,3,36,28.65521522269351,39.43303363296322,0,0
15,5,1,3.463449462734025,29.62188578544123,1,1
1,2,41,11.035235909932318,39.11850546324459,0,0
1,3,38,12.643986182296418,32.31522147282436,1,1
10,4,48,30.468026438201473,39.46017740805378,0,0
12,6,15,47.987832147336114,39.512200226100305,1,2
17,3,33,43.951852739130985,24.59871926031844,1,2
19,3,21,31.54207015543858,28.858484620379997,0,0
16,3,9,38.248260703922746,39.292195788447714,0,0
11,6,47,15.239939144450526,23.352681689918462,0,0
8,4,29,0.2286806135917141,39.40924754181743,0,0
5,5,28,28.992251191721568,21.262217204904864,0,0
20,3,17,49.52267942747797,37.150191028791184,0,0
15,5,13,6.8316822566990565,33.93355270038889,0,0
14,3,3,36.67156680789112,22.090423531724394,0,0
18,4,20,11.2843081084748,25.027143555292252,1,2
3,5,19,17.764924277469124,24.485788261611866,0,0
15,4,29,20.917994356762186,27.93226106847888,1,2
8,1,37,2.914841745870722,27.893956583160296,1,1
6,2,27,44.0319890435483,27.89007968543023,1,2
19,4,39,24.380719604210533,29.75482698954777,0,0
2,4,35,30.983037306714728,26.560136288055695,1,1
15,3,23,25.408958900900302,29.624042376169612,1,2
19,3,44,8.90372717085836,32.84594940995804,1,2
4,4,47,41.69843219075439,31.048895682264185,0,0
20,4,37,19.269580926545043,33.10699647457162,0,0
12,1,32,46.370155402028274,22.73331491151392,1,2
16,2,38,48.53621829617254,36.74817069280458,1,2
6,2,29,46.358148244990076,26.56806609377645,0,0
15,1,31,19.239620101154586,37.196470617917065,1,2
20,3,31,23.616880188079527,23.18564722463674,1,2
8,3,9,7.737207889189312,33.67446571497655,1,1
8,5,47,16.653671236981786,25.245949041734725,0,0
20,2,21,24.018902013052156,23.637370830226143,1,2
7,4,42,0.7634181576030796,28.724958911258142,1,1
18,1,29,48.13783523544441,25.682165002911983,1,2
21,5,1,3.8363266404081218,22.081244552032324,0,0
9,1,32,26.55707797129215,33.34520309134778,1,2
23,2,49,48.410415859038054,35.05639473002452,0,0
13,3,46,2.167817981652631,24.62431682046668,0,0
20,4,1,44.00363029907201,37.57253785948819,0,0
10,6,13,26.074883447736973,37.993375690038505,1,2
21,6,12,34.86619517983554,31.977496004216412,1,2
5,3,37,0.7090940772893517,31.651855811598743,0,0
12,2,37,1.0015474413575143,23.048960046362986,1,1
4,6,2,30.624186108511374,21.370950189070083,1,1
16,1,18,48.02021195379578,26.882450959636216,1,2
22,0,40,36.017353359338195,28.494312209329955,0,0
16,1,35,6.459992417918442,26.2637951935393,0,0
4,1,45,10.034767707257341,23.406700606197674,1,1
3,1,22,30.842409014943385,27.725707224667133,0,0
6,3,5,27.235907409073505,30.546009503971895,0,0
13,5,17,27.25231021813745,23.402703968251494,1,2
12,5,26,5.104011719033252,26.78045907130364,0,0
8,6,43,0.13748025922368234,28.552115639459025,0,0
17,4,34,43.59356686308562,30.14200689452734,1,2
5,3,23,20.48828724251183,25.826660636134044,1,1
21,4,33,32.74725017416056,39.671605421103834,0,0
10,2,34,24.82389578121949,26.455292368361718,0,0
22,4,26,1.8913923148343281,36.388066450718185,1,2
22,6,8,30.105917622461124,27.72969265289384,1,2
11,3,1,4.502778343597341,23.97676096552859,1,1
11,3,28,27.087271470276313,39.140353237919335,1,2
11,6,27,42.59167399138305,28.069625429922915,1,2
4,3,15,48.094524580516016,38.90841615629819,1,2
8,2,4,39.239361866467775,32.654522092428195,1,2
13,4,19,36.194620128312714,21.964748414596528,1,2
11,0,5,44.20589135560286,33.99558958038178,0,0
0,3,17,42.08936999216518,29.56589252006225,1,1
13,1,5,23.661085182786923,29.309700073462604,0,0
14,4,21,28.48249898895126,37.334494562819835,0,0
4,1,21,47.292390590598075,25.650711088912914,1,2
19,4,7,14.22535706030788,31.531661815732825,0,0
19,3,13,5.984716176537141,38.603201855334746,0,0
18,1,12,10.33956342137543,36.48520449602108,1,2
10,4,22,29.69305065546906,26.7750981826466,0,0
21,6,25,47.47922275076585,36.69266472620499,0,0
13,1,38,43.276094455689964,26.616093045418626,0,0
9,0,42,45.95803666866129,39.838941419037,0,0
0,4,15,43.148630774401475,25.268698038758473,0,0
21,4,11,33.94377177172449,37.91869011455181,0,0
13,2,47,30.150154272440506,39.05258956653185,1,2
10,2,36,14.081939977023689,35.300390528835635,1,1
9,1,3,3.2928057163702174,27.44574748199731,1,1
1,1,11,28.844195184744738,24.92914455223744,1,1
20,5,36,49.59346445992278,21.78727422464892,1,2
21,0,33,25.97025690735712,35.967147529603075,0,0
15,2,44,0.4830496800003248,20.987689544930276,0,0
17,4,3,48.41120760988459,20.806945537908923,1,2
16,1,47,40.34612854529378,25.207381030392284,0,0
18,5,1,46.27985841104581,25.88222423425933,0,0
3,6,23,42.96017446615049,26.02613585226078,1,2
22,1,25,14.919525647987737,23.725191211355952,0,0
17,3,19,34.602908912227186,20.960882630851437,1,2
23,2,2,17.297692138718663,28.29695383205665,0,0
0,3,31,8.590689022093557,23.231118877443834,0,0
7,1,6,48.34670826702248,29.094942449436935,0,0
14,1,15,11.536575555103784,35.07885932802051,1,2
7,0,48,26.117588119671332,27.187771278190922,0,0
15,4,42,14.430656702948003,20.667452609846478,0,0
15,1,13,11.277216575405442,24.653722493059313,0,0
0,4,38,47.83698236431626,27.977064210092546,0,0
4,5,46,40.19541322814189,27.046373874405884,0,0
10,4,34,15.220289876835064,24.56764142214412,1,1
9,0,37,29.049302814334382,39.34621851079797,0,0
6,2,37,28.36294657029822,36.88990802629675,1,1
14,1,39,38.504924258268105,26.8522971684528,0,0
22,2,29,34.04142699331705,32.147486938996906,1,2
2,6,2,23.979979174071335,25.880146508632468,1,1
6,0,38,35.3161040752533,35.67471602431951,0,0
12,1,16,21.2142789978129,25.012742994119574,0,0
3,6,49,3.7410733173258217,24.300757405041242,0,0
23,5,21,10.380804552353446,20.185079032763824,1,2
19,3,21,16.008988712264948,36.483090596980574,0,0
16,3,26,31.225432708076852,20.6820841609986,1,2
5,3,17,44.836885507268185,35.735498524720995,1,2
9,2,23,40.6265363637728,22.340467872850777,1,2
16,3,42,42.810768190949055,34.89335305454306,0,0
4,5,10,36.45536000554124,32.83701173595969,0,0
3,6,48,47.02916171387639,27.49962481954867,0,0
15,4,37,3.567852551769246,28.515052268414536,0,0
7,6,6,12.999127531587302,25.85045931254062,0,0
22,3,7,35.45192556041602,21.793042486221065,0,0
15,6,5,37.80913741528597,29.95082542753661,0,0
17,2,26,32.4670607579892,22.346583887738273,1,2
18,3,1,42.153540418499865,26.62948441741261,0,0
9,2,48,34.09006130945407,29.701546956200076,1,2
10,3,16,23.07148555654986,33.79369966325289,0,0
18,3,15,14.77595864459923,28.56842810881745,1,2
13,1,31,5.181802978929046,33.25085470186056,0,0
11,6,24,2.6458426371904267,29.26244763607601,1,1
1,5,23,20.135214847356682,35.977825796716154,1,1
2,6,13,41.778913222647056,22.954855182763943,0,0
23,2,31,43.54366186560164,35.15987645256895,0,0
9,1,2,25.05683670524522,27.0003253408508,1,2
20,4,4,7.179873368695111,39.266531388737505,1,2
0,1,44,22.006646555890804,20.848846662339614,0,0
18,0,13,13.687751365002597,24.202282516067697,0,0
3,0,23,26.53114903784867,20.28391860717491,1,1
15,1,30,27.048237776806815,36.56978218664177,1,2
23,1,43,10.130555053933682,34.73019350704934,1,2
16,5,26,37.51271240697182,21.80013704429498,0,0
18,2,27,16.82856809667771,32.25755461807998,0,0
9,0,39,29.178754471144813,38.95413020671689,1,2
12,5,36,37.72053885030554,31.056995019912087,0,0
7,0,42,4.559013693827607,37.48433529003964,1,1
0,1,24,29.89359612766317,22.140147230525066,0,0
2,2,5,28.70934488794442,39.89967413022447,1,1
0,5,22,14.94637005379072,27.326493058925863,1,1
15,4,39,2.356077741792284,30.06892492350469,0,0
4,1,14,4.0431538385511665,24.99999301649924,0,0
3,4,29,33.648341415529096,32.76542802718287,0,0
11,0,49,37.3843733646453,32.76134188507574,0,0
23,4,39,0.12029200842853527,24.507186043094187,0,0
2,0,31,4.711037472462704,26.19400390638385,1,1
14,0,20,46.739410436618414,39.08492549539973,1,2
18,2,37,38.62420936733141,24.12794890278782,1,2
8,0,14,45.154696954340615,32.07835509416127,1,2
9,6,4,4.288138853986179,27.832058089305683,0,0
14,4,42,45.12768939511318,20.780592522256896,1,2
21,3,43,5.786509707269144,20.497189576536346,1,2
5,1,18,27.962050634460876,25.875647743133932,1,1
8,6,49,4.372941526434637,20.795393898019228,0,0
2,4,26,3.300516001175052,25.62300488216355,1,1
19,6,37,41.69490811046374,33.306747090774394,0,0
20,5,49,40.80658529183482,35.95634752253923,0,0
0,2,30,12.494368190661847,22.861105820065113,1,1
22,1,30,26.51159421006737,28.32505953524765,1,2
10,1,46,45.88179516802271,36.717424577041086,0,0
0,3,13,23.88451510045267,34.75107278801113,1,1
10,0,24,4.685525019090542,35.42948108893964,1,1
18,4,12,42.341100985784294,28.497318838042034,0,0
13,0,27,49.53300777712929,22.612047508950617,1,2
17,5,4,40.86446953001649,21.794379610437524,1,2
14,3,8,12.040938881732627,29.573413196662983,1,2
15,2,10,44.99666444809113,24.0826904079071,1,2
15,3,47,45.94548232777945,39.281938065180604,0,0
4,6,38,40.86419734789865,27.778557851288312,0,0
10,6,14,12.360144798785022,28.066626443663466,0,0
21,0,35,29.502747683431803,25.95413368341469,0,0
11,1,5,40.706435731432336,33.92703269379383,0,0
21,1,39,9.073348844123135,24.0296734938894,1,2
21,2,5,2.0480154601951184,22.57716848009543,1,2
15,1,27,7.73814390624854,23.15705995487965,1,2
1,0,25,11.964105334550052,21.628065366965224,1,1
7,2,36,11.713082105625489,29.543748943526502,0,0
16,6,13,42.1616835759684,36.739912029279076,0,0
10,2,40,2.6132695384750715,32.471082217190656,1,1
17,2,26,47.920959455801096,31.148815291169846,1,2
17,5,31,21.98272115283766,20.828785735695345,1,2
9,3,19,41.1868978447232,36.13165429386207,0,0
12,3,5,15.84953133261508,20.144163937943503,0,0
20,3,18,47.05253150044522,28.825545834140712,1,2
6,4,38,12.489941144562632,22.56646994271619,1,1
12,6,1,9.294936971071504,31.4442965514055,1,1
13,5,37,8.89025916196336,36.06802167566475,0,0
23,3,18,40.90447375310827,30.575375816316054,0,0
17,2,49,34.85835742772305,32.058182988931634,0,0
11,5,30,15.919576464754071,27.637299894248947,1,1
1,4,49,4.863518634264463,30.158443699532967,0,0
6,6,31,12.1615232004478,28.968690824399268,1,1
10,6,17,11.050591406421306,29.208389044135124,1,1
0,0,11,33.948846347162984,27.567626455649474,1,1
22,0,4,29.129487279845545,24.51509976200319,0,0
3,0,17,26.01840216687056,22.039248391432388,0,0
10,2,38,44.276592073363574,24.296545388222448,0,0
19,1,40,8.989074857084228,21.121028450856198,0,0
2,0,28,34.29145723478075,27.83484811929958,0,0
22,1,19,1.9901302509819363,24.487755276971434,0,0
2,5,26,48.764105790101205,30.334560609403653,0,0
0,4,6,23.628271173281107,20.867873285493804,1,1
5,4,44,33.041860340934505,22.939844997291114,0,0
1,3,18,34.99611442864846,35.62268611982901,0,0
1,0,10,36.62412865406664,29.807425457458997,0,0
11,4,13,11.025337672798146,26.049418763654536,0,0
23,6,34,44.03565193976927,21.565878811757386,1,2
23,5,19,4.894918855609492,23.914472377481836,1,2
0,2,25,8.122433510347872,27.8742033100006,1,1
16,3,26,42.4045874480243,30.178161762855616,0,0
1,1,6,3.1331984710440794,35.52069526936511,0,0
19,1,16,26.61730723322377,39.624257528271414,0,0
23,0,4,16.126388403482512,30.400707619712627,1,2
20,1,9,6.159275030125127,35.324907183199564,1,2
0,6,8,28.564093435876757,23.700910219037944,0,0
1,6,33,40.231453807804264,20.558351422111375,0,0
16,5,6,25.66306238402924,39.4377974268917,1,2
1,5,26,26.874961541234754,35.790634687287984,1,1
21,5,24,30.941577550563142,31.983253697670847,0,0
4,5,17,44.7444411067888,24.674511501749443,1,2
22,5,27,1.0306953331309376,27.071460976641887,0,0
18,1,34,33.0909527165523,27.654343938324324,0,0
21,3,21,10.412751449644064,32.27736058219667,1,2
22,0,46,22.22086666996516,33.461374763417325,1,2
6,1,41,34.11486030749534,28.67510185961944,1,2
18,2,49,23.745993851781634,30.39531529354136,0,0
1,6,10,11.048740068937402,38.2701018509499,1,1
19,2,42,10.900279896605214,20.11513152876142,1,2
13,1,39,10.612652403345862,25.58647871219673,0,0
22,4,15,22.205057381494342,21.975051362475536,1,2
21,2,7,0.16208114405172336,21.181772899309127,1,2
8,4,22,28.342260131801538,27.471927079710664,0,0
13,0,7,35.761522391127244,36.86636309059464,1,2
20,4,10,30.20229019338194,31.295532976293572,1,2
13,0,40,6.672969522101374,30.604078003464114,0,0
2,5,30,1.0244282440176944,25.116031074513682,1,1
4,1,48,16.33930382962089,38.24663855894251,1,1
15,6,20,32.23561308438962,23.41001136888352,0,0
21,1,42,18.712509346203447,29.91020634389063,0,0
20,4,42,20.57138027561347,26.375749732503856,0,0
22,4,19,20.30964348472243,35.666347799006225,1,2
15,0,25,18.202973199275302,28.066463845288887,1,2
0,4,7,48.20919008901924,27.74642008191629,1,1
18,6,36,35.25276528480095,38.23651611620832,0,0
13,2,1,45.0783843492422,35.61516493321517,0,0
19,6,39,19.172481140302537,22.831384642170285,0,0
5,5,29,10.958149834471708,33.81757313568732,1,1
5,5,1,38.46489807937225,24.2359452005889,0,0
12,6,49,27.474599778702196,30.459312526266345,0,0
17,0,6,43.29542142218174,31.014100432629412,0,0
3,5,29,39.052680517703756,22.944957357705633,0,0
21,0,30,13.830213536183916,23.499639166420902,1,2
14,6,3,27.30132156546893,22.349362257904396,0,0
14,4,27,39.898701531092335,20.171231671103822,1,2
13,0,46,30.273914014486586,38.422910701082195,0,0
19,1,15,21.70209536098657,38.57584308859809,1,2
3,5,12,42.78509365430763,25.29609623934796,1,2
15,5,7,19.983386541423304,36.59943586457426,0,0
19,1,17,37.30352145360057,30.722776126790905,1,2
19,4,41,20.17318196388263,35.77941602317054,0,0
10,3,19,7.786012764041505,25.906572152775432,1,1
13,2,49,20.48224416715023,23.942137165879018,0,0
4,2,5,25.18292731686513,24.248754059698474,1,1
19,2,10,2.5419233889395096,25.907692569340476,0,0
18,5,40,47.14191893136193,35.28737217283502,0,0
7,4,5,40.26317349079982,27.280650957689655,0,0
14,0,46,40.73066667725687,29.380030960528533,0,0
2,4,43,35.558887891057815,37.4774296754578,1,1
21,5,25,26.931860125720945,31.17634527118282,1,2
23,4,11,15.689077594044043,31.75937608908336,1,2
12,0,43,1.358550287404936,29.34560900490181,1,1
9,6,14,22.07874165335289,32.7468005866341,0,0
20,4,10,33.27776843738155,31.307527050341108,1,2
14,1,2,32.65454049069663,33.19264055934866,0,0
7,4,5,49.10503697669886,35.23837039097928,1,2
15,2,10,2.0131618464579946,32.07903219820369,1,1
4,1,47,48.13596739033308,38.34560089050369,0,0
14,5,35,8.441830717597204,20.042245135205746,0,0
20,2,6,11.402362929458038,21.832777603537245,1,2
6,0,49,37.04917105820413,27.724451970643617,0,0
9,5,37,21.335424549768717,35.35235554088497,1,1
2,2,13,26.4150849264273,30.011492752743862,0,0
6,0,34,41.516946275174604,22.15343766034237,1,2
2,5,13,14.682644880886803,20.352579845381523,1,1
21,3,16,21.69534552014613,38.67692877897013,1,2
20,0,14,44.77829535027159,20.314219992115046,0,0
3,2,1,16.543669374724963,26.893512334725393,0,0
8,0,44,37.92054285582846,38.79405685203889,0,0
19,0,8,7.629254738333968,38.09092405779435,1,2
18,1,45,35.20268471569685,35.15285634691513,0,0
4,0,44,1.7072045628465093,26.099327251978906,0,0
18,4,25,12.4294175450595,23.830455189122116,0,0
11,5,42,1.6238137250586537,26.781860369446147,0,0
7,5,9,46.97863024733697,34.19813239412008,0,0
23,2,16,41.28608361140542,32.8126216382974,1,2
18,3,33,30.632660879422264,38.37386616647611,0,0
8,1,46,2.5754564284306056,36.808279839319056,0,0
8,0,26,36.44258655686299,33.30461457089568,0,0
22,2,38,11.627358632363578,38.5303835297111,0,0
9,3,40,12.114556801410837,31.30737779169679,0,0
8,3,44,35.534453166876254,33.278542429089825,0,0
2,6,42,6.944385267598402,30.083415827474365,1,1
9,0,41,27.84802934384213,31.783367489472703,1,2
19,1,46,46.608109220582286,20.252524672931656,0,0
10,1,12,34.41539874424137,22.640220333853527,1,2
22,4,15,30.58235948528838,27.784755609198427,0,0
10,4,23,18.033277532667242,20.618298778557797,0,0
21,1,24,43.70348867595163,25.108544874761783,1,2
18,6,35,15.23508481132888,23.083419775830755,1,2
15,5,14,2.6245748674266434,29.62511828272715,0,0
8,0,3,1.6836930291982966,29.222885215764567,1,1
15,2,46,35.775345451435314,36.23908969286404,0,0
23,0,42,49.72213962117587,34.82788932419111,0,0
6,3,44,12.73430840839,39.74344602299574,0,0
0,6,41,45.0938465274308,28.921867889528148,1,1
6,6,3,38.07979211632239,23.496799425469106,0,0
13,1,3,5.705315842722697,22.380905167439252,1,1
12,3,14,0.6072692889794784,22.16972717807758,1,1
20,2,13,24.00862823422507,29.481710785906564,0,0
15,0,26,9.033226024157376,29.714941373962706,1,2
7,3,4,0.6891187539858179,38.38255913549843,1,1
0,2,34,40.52602548320232,39.81731884507243,1,1
12,0,14,47.102102543178425,38.00387625521238,0,0
8,6,32,24.446783529402566,31.718955090889917,0,0
10,6,27,38.83517386937157,31.15879600598955,0,0
21,3,5,43.213978076227136,33.118829092520826,1,2
4,6,20,18.933607305439942,36.29785405544867,1,1
2,6,47,0.2679964488608355,20.58284684026056,1,1
18,3,42,6.160200606293481,26.659737413836265,1,2
0,1,28,47.46121936317112,31.543348709648953,1,1
21,5,2,4.709484753073373,20.15549083532093,0,0
22,2,13,2.445775288521684,33.04061213826596,0,0
13,4,37,18.607914620202404,36.159171627900804,1,2
6,3,11,32.29582347147388,21.04545317909187,0,0
15,6,7,1.9086376926869986,28.808268399394592,1,1
4,1,4,8.46905011508739,37.84303804836141,0,0
23,5,35,19.12138559644059,27.10290465581345,0,0
23,3,8,20.101671363059314,31.95714279238757,0,0
16,3,37,14.992068409281451,28.430217691080923,1,2
15,0,48,25.777140284923423,33.13351351593168,0,0
7,3,18,10.769522876813475,33.487921530344735,0,0
17,5,38,48.75955457994805,27.082799056287676,1,2
1,1,42,5.6968964796893005,36.766392904308674,0,0
0,3,10,6.770919103962969,32.80041543049472,0,0
10,2,33,0.5701202905901759,38.64213685145053,0,0
18,5,18,19.585594536534362,36.50073941321603,0,0
23,1,33,36.13482292407287,25.398095430188512,1,2
8,4,22,23.803046871795026,20.261254551090452,0,0
5,5,26,46.22275796978111,20.405639262603177,1,2
3,4,24,36.883313362249076,20.783927962032372,0,0
13,3,14,29.932185339418094,39.24786056752199,1,2
8,4,10,38.2271819029888,27.586349361697778,0,0
21,0,32,34.804924165016985,26.292104128868058,1,2
6,3,29,8.223816687495471,31.389670346395445,1,1
18,5,34,8.697913404083247,35.16710481300785,0,0
8,2,17,38.8134413188159,21.366670511032307,0,0
6,3,34,13.02796543023797,24.604139434572765,1,1
5,4,18,10.345674428284967,28.13875299323234,0,0
12,1,39,18.649775003535403,38.51148003737942,0,0
6,0,37,23.655145249840707,36.42934132196932,0,0
17,5,16,42.87296427662596,34.756685354974955,0,0
1,2,37,44.57861603419466,35.803327890746566,0,0
4,2,1,14.57407450285874,28.03386182123557,1,1
4,0,42,46.2208832051025,30.411214510446513,0,0
4,3,36,39.70597104855372,22.641964081355265,1,2
17,5,17,6.119375714293618,21.400619865415727,1,2
20,5,34,32.12326437982572,27.72899221910606,0,0
3,4,38,17.422811524356025,34.86594232705587,1,1
8,4,10,20.297635431736804,31.250800956982808,0,0
19,2,18,6.992286489286564,37.08316208246255,1,2
18,4,48,1.3065234059814634,23.056171072537037,0,0
15,6,2,27.794396175964685,26.521036734879964,1,2
21,0,36,42.86255355904131,24.313628207757493,1,2
9,4,48,21.52204760203284,31.776835260378466,1,1
0,3,4,7.471819026396309,30.1046852660566,0,0
15,5,36,41.598373507393944,24.555102694776625,0,0
21,3,44,27.029193205871188,35.86779676333591,1,2
2,0,26,24.328038687631352,25.27623897358707,1,1
11,3,16,1.8900480871701153,32.92809606662825,1,1
19,4,17,42.593235418951295,26.19193610909344,1,2
22,4,39,44.90198754224778,33.96586318636594,0,0
13,1,28,7.5511569919222365,20.737276890305726,0,0
9,5,13,34.32883877091713,37.07734947673901,1,2
5,1,47,43.73285397040231,37.11510835074335,1,2
2,0,6,48.73509587396639,23.82014098507352,0,0
3,4,9,18.038055074641505,33.785800067620656,1,1
22,2,41,4.406549055567882,33.75912977125422,1,2
18,6,12,47.39816045741743,28.338910848392803,0,0
15,5,20,27.325287930386043,35.90711084191156,0,0
2,0,38,47.429356378914456,29.94560251849019,1,2
18,6,47,36.5039575858532,29.440315491348166,0,0
11,4,12,44.73640478944435,35.45231586299453,1,2
21,0,41,34.86349802516427,38.25840335946512,0,0
0,6,40,30.824186924162824,21.863194488251626,1,1
4,5,2,40.65686026815009,29.52085834260163,0,0
13,1,48,40.40945021520202,30.098609844538675,0,0
7,6,39,12.082782404673925,35.20889672100431,0,0
14,1,19,45.17950510748716,26.907491279361352,1,2
2,1,11,14.474457185618833,29.154898345497756,1,1
1,1,3,38.85639232882646,38.201288298591564,1,1
9,6,24,37.40228666331302,22.563833582834867,0,0
12,5,21,1.5831325140616248,27.60106904527749,1,1
14,3,41,6.600770798194183,25.78862804519099,1,1
21,4,48,8.425186337798019,27.55547367836639,1,2
6,6,8,10.445512415569114,34.9508187795771,0,0
6,1,32,18.69495439481417,39.269021812954556,0,0
11,1,43,30.53174064781133,20.759539342370708,0,0
22,2,40,19.288913921457397,22.633122379971326,1,2
15,4,16,10.89487437999347,33.35791261161518,0,0
4,0,27,49.77409831570247,27.00861449074614,1,2
4,2,16,18.292050713244844,33.51088796616437,1,1
11,6,28,24.156581555960305,25.10481346495711,0,0
4,2,31,2.1267764911522047,38.69985691052396,0,0
23,1,30,41.302701282225016,36.18011476813745,1,2
14,3,19,29.59915316434528,25.576707993290967,1,2
2,1,26,36.43570944982496,29.067060021115307,1,1
9,5,34,6.6065851500153645,36.845386690030196,0,0
9,3,5,32.391630509068825,31.65683730739494,1,2
13,1,15,38.68540573633098,34.23160377713235,1,2
7,6,34,39.535462117471376,27.974660790767384,1,2
23,3,9,23.270863784270063,20.023894979384387,0,0
1,4,42,28.955794565103616,28.324020341686374,1,1
14,5,13,42.49258523459951,24.808377371338587,0,0
16,4,4,47.61272366267423,30.049868731466677,1,2
19,1,4,26.50363911129658,37.643449731569206,0,0
14,1,35,34.55019537918776,37.65922228583291,1,2
5,4,37,2.753194941627007,39.556648065534326,1,1
9,1,34,25.547962949638332,27.058175746744592,1,2
1,0,42,44.361875626992294,22.759446071737475,0,0
12,0,28,21.150930040561416,39.152691662050145,1,2
13,2,49,40.181726281670024,30.28952195339094,1,2
16,3,8,33.55653804773222,38.92042105623272,1,2
23,6,43,19.917228365319517,20.609913133012384,0,0
17,5,44,41.645958498700566,28.40656413050744,0,0
0,3,37,30.303266764198945,38.8862818169699,0,0
12,0,40,6.664056713031696,23.91791097376229,1,1
20,0,38,5.814089292639524,33.58454319363517,0,0
19,5,7,36.187858606663276,36.21393360965092,1,2
13,1,20,17.05144738732215,26.57046275597397,1,2
19,4,30,18.490272101883182,31.35407098172287,1,2
17,0,39,25.302487504650635,31.6823210117587,1,2
20,5,44,44.93348386294607,37.88300802404188,0,0
7,5,8,40.72176051678605,27.100439141941358,0,0
3,0,13,47.28704311282731,39.88166057182361,1,2
13,3,14,46.73110949339741,33.77144621216483,1,2
3,1,10,48.00423298760582,31.44006588565827,0,0
18,1,8,2.3783929390258587,20.29428092672204,0,0
16,1,11,0.47515609981400586,33.10525169428429,0,0
17,4,38,0.025960666759167195,33.632976229262155,0,0
8,2,33,37.99460736465428,24.654357454103184,0,0
16,1,46,48.46028064076729,36.60924633412256,0,0
11,1,38,31.46559789884152,29.53448115771588,0,0
17,3,37,3.6636771098872423,25.49183290373459,0,0
18,1,15,33.27347911524698,32.716328830454756,1,2
3,6,8,5.596452345237535,31.281041064581466,0,0
10,6,16,19.471227749196473,25.743132678032794,1,1
15,6,48,6.05276749579286,37.5199331029603,0,0
2,4,37,28.934666344302336,22.463747458301018,0,0
20,6,44,25.20197119606794,31.387372584092862,0,0
19,0,8,44.60344675569257,30.45180714650221,0,0
19,0,9,24.391402819183995,37.91909978745784,0,0
11,1,35,25.870074610510212,24.659738726611852,0,0
10,0,26,17.81144041888661,30.915752727871613,1,1
23,2,41,25.381081699359154,25.290961109754218,0,0
0,0,26,43.47590401156432,20.072827045371497,0,0
7,3,47,24.080385542794865,31.40239152524321,0,0
21,4,30,41.18077264293452,37.567971662111844,1,2
15,2,17,25.54723614814594,38.10320348903593,1,2
13,2,30,27.17405277524853,35.956860553890614,1,2
18,4,36,7.704656480479799,30.913582836892104,1,2
9,3,23,35.22657976256347,35.55897432973007,0,0
13,6,13,39.0443992478299,30.552865741871805,1,2
4,1,14,2.424933264869683,24.288990505929856,0,0
18,5,7,32.92180290155423,25.792569177220475,0,0
10,1,29,26.212679609408738,20.730922783511495,1,2
8,0,37,37.57058757413226,26.906653115595745,0,0
4,4,25,15.88762286702458,28.099354659020758,0,0
20,5,15,45.03994464186894,32.485252455680026,0,0
16,3,46,28.07066467524096,33.92452198739689,1,2
18,4,45,29.93129645367304,33.21331161156262,1,2
21,1,42,10.804765176540426,24.4684656739069,1,2
6,6,11,32.80213414868423,35.46183135491027,0,0
12,6,47,9.143814085928204,22.2214107154843,0,0
10,6,10,23.155482914798547,29.703976903353485,1,2
6,5,36,45.1421447529869,22.852325485896067,0,0
18,6,23,23.128809326892586,25.576888092177676,0,0
4,5,28,44.61839702430815,36.992753743632825,1,2
4,1,45,7.004090852519617,20.934725976482383,0,0
17,1,44,30.239102242511702,26.22977777322011,1,2
0,1,47,3.1461729144166615,38.73132013162498,0,0
13,0,23,48.32383350108351,36.44046743933522,0,0
4,4,42,18.8756410534232,38.231096546377145,0,0
3,3,14,19.502708992812806,31.498118530325357,0,0
10,1,21,20.139718460250013,32.68231337447844,1,2
14,5,9,22.29173351673624,38.88845169127029,1,2
23,3,45,30.627077599721186,24.193600835488837,0,0
9,6,44,23.612574060888676,30.516486232090667,0,0
12,4,31,11.261818855658777,31.293953329432505,1,1
23,4,19,38.69977176411536,27.667481219678653,1,2
15,6,24,38.401331012287145,33.251411169520345,1,2
16,6,19,11.903304504419188,24.04951107551049,1,2
5,5,3,46.63297500974643,29.391216128833506,1,2
17,2,45,33.399727419014255,27.05949781214315,1,2
1,0,24,10.999970064797221,28.313703658085778,1,1
20,4,21,29.877241067538797,25.611266865233453,1,2
7,6,38,35.58552734781087,29.00845504125438,1,2
18,0,19,46.53503762595659,29.470504401888356,1,2
12,3,45,22.032845797572183,25.682220916235735,1,2
7,6,4,4.8857690675828565,25.188429489150572,0,0
19,3,49,32.484950195823295,20.343597581198324,1,2
3,1,8,45.1924395106246,35.82345239887305,1,2
15,0,27,42.17930617887178,21.946543510271393,1,2
12,4,33,32.023503232755864,20.531133193482752,0,0
20,0,4,46.08831767504638,24.205413183506536,0,0
23,3,17,0.5811280889850334,25.57382112522705,1,2
12,1,20,45.03324879929612,24.030414168407475,1,2
2,6,29,22.027478932579434,37.508545219275106,0,0
5,5,15,23.23478112620572,23.40775949580135,1,1
11,6,25,8.57439542795615,20.188156073207917,0,0
22,4,21,7.850536058485435,33.063114031753145,1,2
20,0,14,1.0151453286481704,26.825054566077306,1,2
20,2,37,18.34219185339329,29.510783643876472,0,0
8,6,12,25.797255791787354,34.151728587711744,1,1
15,0,18,24.57421437368606,23.914190484417198,0,0
22,6,8,9.691021761904139,27.746682275353812,0,0
4,2,12,20.680682812554036,33.64104174905022,0,0
16,1,46,12.596794664417988,33.252595972489395,0,0
23,3,30,8.581356599327444,21.02910697371057,1,2
3,4,48,26.72128693245564,28.141814123569763,0,0
6,2,43,47.825891303080304,36.7358936338359,1,2
4,0,26,15.072212161999948,38.35315308308604,1,1
21,5,7,32.66291977043363,29.269158141390633,0,0
20,5,47,6.0491739895442205,31.603965277532097,1,2
6,2,10,45.48711239829867,35.95538916132736,0,0
20,1,11,24.770970049029167,23.06463890058187,1,2
3,2,20,43.17403649406344,37.716600310217814,0,0
15,3,33,14.931815014446908,30.880909504504253,0,0
15,1,48,9.591782729912524,25.52159915575517,0,0
23,5,12,32.13560276516763,29.38424110250604,0,0
23,1,40,24.837337751299316,34.91238317542106,1,2
15,2,1,22.905585012066197,36.94139260829501,1,2
17,0,8,44.12761935784863,27.00701175243303,0,0
3,0,28,7.6237964381660195,34.728114908353106,1,1
19,2,36,42.754846348870444,37.32993396025395,1,2
6,1,38,0.8285011792413532,20.08182272389722,0,0
16,0,46,34.94846966027816,32.07067609236035,1,2
15,3,12,24.539463192727627,23.494099659922025,1,2
13,4,47,11.593853184485592,33.01068622759991,0,0
13,4,47,16.469718645402452,36.21125195176805,1,2
1,5,36,38.904878231832726,34.34198235510405,0,0
0,5,45,31.59352867931011,38.27125739217533,1,1
21,0,34,23.22412155246722,32.23437890139396,1,2
13,2,22,45.29645753499585,33.77174984102717,1,2
14,2,36,27.803213744993982,24.62916491156177,1,2
0,0,27,48.000246060219546,34.025683020941756,1,1
1,3,36,41.84003333191746,31.411846315996662,0,0
16,2,13,10.821272108311375,33.0696094965288,1,2
16,0,45,3.41161924143743,22.862254844910765,0,0
15,6,14,17.147701744437043,30.990560710350792,0,0
0,5,36,1.1661170548817434,30.084232929752652,0,0
1,4,25,32.556134154221475,21.905013730492932,0,0
20,1,49,16.508998696227195,35.33458087221703,0,0
20,1,3,46.75733589069461,28.59908861867546,1,2
13,2,25,2.78678221746142,21.47074404321481,0,0
1,5,2,24.365605565292505,34.552881213674894,0,0
10,5,22,49.7758875760325,27.83640381467618,0,0
16,1,46,13.41979161807233,25.028956626247712,0,0
2,4,19,36.383064808747356,39.40490726295173,1,1
18,4,11,6.39098946034482,25.739662855899574,1,2
1,3,22,29.38296474503187,27.04577394240614,1,1
22,1,10,40.873762782688544,28.44867054119378,0,0
4,6,47,28.332209066169995,37.04630589036019,0,0
23,4,13,36.09603803572903,33.659882606819586,0,0
4,5,38,28.086701429444055,30.31025794646113,1,1
3,2,46,20.48717880884141,26.356952213678785,1,1
7,3,24,33.77066600218234,34.21299574998545,1,2
5,1,15,26.965850146674804,39.8794156135872,1,1
3,3,8,43.046461648867414,39.65753131748289,0,0
17,6,40,20.19388823163658,39.540860895047445,0,0
15,0,27,46.739902308881625,37.048981728862884,1,2
20,3,35,29.836201299192695,29.209486007967048,0,0
14,1,9,34.117132941822135,34.87576106704072,0,0
12,3,41,19.952170977153656,39.018374370915794,0,0
1,3,1,29.08936040360003,36.92069532586529,1,1
18,2,42,21.42779074976091,28.828016725799653,0,0
5,6,45,21.230487744848993,37.70109344850886,1,1
7,2,41,16.724588346156803,22.194747769246096,0,0
10,5,14,27.673052739336345,33.174305975394745,0,0
8,5,48,47.65889323140849,35.329329746316915,0,0
4,4,21,46.62789473664248,27.207242416195427,0,0
19,4,14,42.06079067660071,32.42101770440165,0,0
18,6,10,27.915162990967364,38.797135604134546,0,0
9,3,31,30.177253282216483,34.55974939462229,1,2
16,4,41,35.70510670610125,20.738180394568463,1,2
5,5,15,15.43225607449007,31.80466847899683,1,1
14,0,12,46.937674233650036,29.607337532307948,0,0
3,3,22,0.051004643888097334,34.540373713238345,0,0
8,1,5,42.03650341576615,21.032749551165118,1,2
23,1,13,3.7976390183575184,22.478306194011893,1,2
12,0,4,8.462287107544759,35.37855810275454,1,1
6,2,45,23.107330820604805,21.32655553207336,0,0
22,3,41,13.95998077438887,35.507837630362005,0,0
0,6,17,21.189718175389373,36.90952575001123,0,0
7,6,19,46.55287037069503,26.144960311287928,1,2
3,4,34,45.5446419984952,30.91824797980736,0,0
14,0,20,43.438737729584595,33.12917438257654,1,2
18,4,49,34.87888469805894,38.82402105094069,1,2
23,1,36,32.07115695468523,21.308784579575338,1,2
7,3,14,18.462541989462704,26.254008097149338,0,0
21,6,9,0.7601638125735166,21.5467008155857,1,2
2,2,48,2.429828544081575,35.30303583793412,0,0
18,5,23,6.896543913702724,34.370233303180356,0,0
19,0,32,45.0487812571973,38.91546596571131,1,2
9,3,14,28.204780680944204,37.29056134935554,0,0
1,3,11,16.50975817823623,21.886639946039594,1,1
5,3,43,25.090917876654128,32.95754572447621,1,1
11,4,35,30.14147463901281,23.05967110617548,0,0
5,2,10,21.964593036403734,31.90094131678444,0,0
1,5,39,6.101630654990931,22.516571135677598,0,0
21,3,9,14.652287359452544,27.987042298186193,1,2
9,6,25,12.06846961058442,32.560717298759435,1,1
2,0,1,31.90744817878287,24.47463287771187,0,0
8,2,19,33.4549276428324,31.96722329146524,0,0
9,6,22,6.7403203736244475,30.723586864554704,0,0
6,1,38,1.8104299522458567,39.88122437169234,0,0
11,6,4,27.83101923797162,26.997248604164568,1,2
4,0,23,23.890666246231067,22.590786587873712,0,0
21,3,48,38.37810134196,27.185508867937543,1,2
5,5,49,2.2495618601602985,20.49020308752617,1,1
18,2,2,39.26852794913099,26.9007969109464,0,0
8,1,20,34.11568550160028,35.092158144440106,0,0
11,6,20,34.50484518216092,21.3059013938083,1,2
14,1,42,18.998288938399583,33.04589280860519,0,0
19,3,47,35.96514568799061,24.342809127452746,1,2
19,4,19,9.013821467112543,28.0005013220556,1,2
22,0,2,38.06294397121774,22.7246372419623,0,0
0,4,29,28.81849970836981,33.43213043842496,1,1
5,2,12,13.334342159741135,32.77003478979445,1,1
3,2,24,17.581122475439585,23.836338256067474,0,0
9,5,24,34.31813161132281,32.82050787687932,1,2
1,0,25,21.507935878184227,28.515648596675515,0,0
22,5,20,25.726072656519637,22.089617723375575,0,0
21,0,7,0.32905837860975895,33.041407352940865,0,0
14,1,42,44.80601944597919,37.0041559276243,0,0
22,0,44,5.509362952215935,25.32250422307466,1,2
2,4,24,32.13456017365874,28.60516826210887,1,1
22,3,46,39.62890952677798,35.33150342921647,1,2
11,4,34,43.409905748623515,31.34522025637431,1,2
10,1,3,49.23675825124316,23.92601671358834,1,2
21,3,12,48.598970129890546,25.967284347045535,1,2
1,1,34,21.13518084542068,36.7103194003874,0,0
1,5,34,42.264554155358624,21.219806954985323,1,1
13,4,2,12.36206514639458,39.979031484818634,0,0
1,0,27,2.5876938431037164,38.28522003343448,0,0
1,4,35,26.76085973862955,27.536776591022253,1,1
0,5,41,25.547485655215258,34.68617978835148,0,0
9,4,30,39.47498827560535,39.32669389342843,1,2
2,4,8,40.24956897939438,30.761723181580102,1,1
5,4,43,1.8319611405744118,27.307890492729527,0,0
5,6,39,24.252214880554995,36.80807237820258,1,1
3,1,36,21.181890328205704,20.07077621911821,0,0
11,5,35,33.17006914241664,38.43409172635019,0,0
18,2,27,29.18304567889608,20.537996300540883,1,2
14,6,43,34.349796008076986,29.614319031409263,0,0
14,4,30,26.56900684725057,35.03104808942041,1,2
21,6,19,48.720295637528274,26.274800154608375,1,2
13,6,23,23.538402782277384,39.94678922515761,0,0
22,5,37,36.65927741833093,23.68654485703955,0,0
11,6,35,43.257686548241544,34.5029442419699,1,2
14,5,29,8.428217369536478,32.847628133936745,1,2
20,1,3,10.526266517367516,35.761210881321155,1,2
0,0,32,35.70079198774766,31.944643110519024,0,0
5,1,23,30.112339758071364,20.65217625963162,0,0
16,5,47,48.682233662554815,37.70939039491575,0,0
3,0,42,22.249502542124844,25.47907142292208,0,0
13,5,15,40.49423167816198,25.325696852215067,0,0
4,0,2,39.88298568011853,25.686926228406616,0,0
1,6,23,28.37841053135208,28.257644779500374,1,1
22,2,9,20.822667856232375,37.48579533084566,0,0
22,3,12,37.49070881824241,30.56163173520661,0,0
1,2,11,37.476259745939714,29.908364441228727,1,1
23,6,6,34.702828942218765,36.12412560997885,1,2
23,4,4,22.72358845760154,25.148312218906792,1,2
12,4,39,29.460172395060543,30.45740997831185,0,0
20,6,5,39.44209588200174,28.253427136852455,0,0
13,5,20,31.581025615128123,21.80850733624522,1,2
18,6,48,2.274001836764966,22.922414736770126,1,2
17,3,42,47.136617208178464,39.80269872564884,0,0
15,1,6,44.78278937988061,20.873333291000424,1,2
12,0,7,30.80730095636036,30.011772689398786,1,2
11,2,47,49.14420087976665,33.083645261905545,0,0
8,0,20,36.02984646507935,26.691385080364967,1,2
12,0,35,42.9396207747662,32.107941662151866,1,2
13,3,24,23.98144823806787,33.20416083302618,1,2
13,2,17,20.415018891619894,37.99994133871235,1,2
20,6,18,18.41160815255628,27.376780323283167,0,0
14,4,12,42.67579290079299,23.748251140590583,0,0
17,5,39,43.91904777663526,39.43218441048582,0,0
9,5,32,28.689537305538177,35.53086098750342,1,2
13,3,41,10.209225161901264,27.747073953114807,1,1
23,1,44,20.66276516827238,25.387748378904867,1,2
3,3,37,35.83560063144042,26.186677812791384,0,0
2,6,37,4.495896978118708,29.176555868466725,0,0
10,4,45,26.76438965646655,27.796118107575133,0,0
7,5,18,6.242618538860556,30.68580688457485,1,1
21,5,22,16.82689367889304,29.668724255692922,1,2
19,0,24,39.25217928083992,23.541528300265725,0,0
6,3,37,14.149788871713092,20.412133525423396,0,0
3,4,22,11.997120866938388,29.67153166690867,1,1
13,1,49,41.00796592494122,30.342271004005195,0,0
16,5,38,7.778474223932131,23.857186374602033,0,0
6,2,11,44.28263123107191,21.5352038695887,0,0
15,2,37,31.167543106515232,26.408134733521717,1,2
9,3,5,3.7532575262181678,24.345320269957114,1,1
6,3,38,20.07216993850009,23.383549744534832,0,0
0,6,19,4.69963356887439,35.96834833902609,0,0
1,6,46,23.401593631075947,28.673427090244974,1,1
21,2,5,25.107098969791743,39.11409160999898,1,2
7,1,22,12.725077649972183,25.73581731005792,1,1
2,0,17,21.315756778303708,38.60303676841691,0,0
10,3,23,28.0566681760682,38.03383262917578,1,2
2,4,1,47.451370668596034,39.22914852489049,1,2
0,0,14,15.32513092356797,26.98977543989979,0,0
5,5,14,22.657226419583488,24.4081737080286,1,1
2,3,11,36.74111197933915,38.98137079223139,1,1
0,3,45,27.580106206975763,23.80790123964522,0,0
12,5,26,13.79929836599134,33.55977207229647,0,0
20,4,13,43.183992139869964,26.08620743722617,1,2
15,2,47,33.84466859313823,39.084019556722176,0,0
21,0,8,30.115967509501424,36.7709850032367,1,2
19,2,43,3.2981143227218066,38.88480678356434,1,2
18,6,47,41.751138074982585,28.368086670774524,0,0
15,0,9,23.746212633386783,20.310797093288798,0,0
6,0,41,27.970858936287996,20.663608125830304,0,0
4,3,6,7.602219248015185,39.86449680505979,1,1
0,5,20,25.094095812458526,35.51884674153358,0,0
16,0,34,18.87617760729558,34.29072030124098,1,2
21,3,22,3.258148142368306,26.931785704753302,1,2
0,6,40,44.467178248487194,38.157900629272646,0,0
11,4,39,19.71681819317469,21.339403343519912,1,2
10,1,28,17.50518639183925,26.119105326945828,0,0
2,0,32,13.38956973631134,39.48934640005919,0,0
18,5,46,7.1956836094511925,20.69299226153794,1,2
11,0,27,47.413261184728945,23.2880927377032,1,2
22,4,35,4.125569452039124,27.65305218689086,1,2
23,0,42,40.759039249932606,20.70215306453248,1,2
3,3,39,25.02707019293833,39.95839412723443,1,1
10,1,32,49.053996605416394,27.40676346469933,0,0
4,0,6,26.09757047329677,30.37284606045604,1,1
22,2,30,8.82921743675672,38.371892249721114,1,2
12,5,14,45.75747516093809,23.244005345930024,1,2
13,1,45,13.32459469140524,26.994960041319544,1,2
12,0,3,42.79997749298372,29.297805707606692,0,0
11,6,42,6.783247217061517,23.255872100561135,1,1
17,1,33,45.74845145746357,24.16354936450867,1,2
7,5,21,16.14070208049353,37.826781499799736,0,0
13,0,3,40.04951636262065,38.26523988267736,0,0
9,6,1,0.039469405810804714,24.114997131312037,1,1
20,3,4,6.443853194290483,34.80353081739828,0,0
6,6,31,22.34341468005305,29.76137857575372,0,0
4,2,47,34.41647389705191,24.46067865405312,1,1
15,1,8,31.286080790301483,22.943999328532268,1,2
8,3,47,11.068612607464507,37.51144743217745,1,1
22,2,31,9.342893813223657,25.478324509068905,1,2
1,0,34,18.263212842509812,20.114302635251754,0,0
5,2,40,25.971749630385112,29.215818713542482,1,1
16,1,46,13.582660055741414,39.97784381903437,0,0
5,6,47,11.080837715999326,34.7389575871071,0,0
7,2,27,27.559738873841265,32.12593784635618,1,1
22,2,48,10.19852913617033,20.089771162498348,0,0
3,2,37,33.675286389332676,28.54950689374649,1,1
9,2,21,13.991722182979094,23.832423721840435,1,1
23,5,7,18.75983559243849,33.5520677880276,0,0
12,5,29,41.53886214664325,34.9883781792124,0,0
19,6,27,38.24042235190973,24.432176975774873,1,2
14,2,3,30.30169526076621,25.007395353333926,1,2
7,5,11,31.139015028516926,30.85284436220725,0,0
6,1,25,2.5333158697679767,24.54077392894764,0,0
0,0,10,31.28375928294314,33.54712850353778,0,0
18,2,49,1.9172739959411822,27.894530364252326,0,0
11,6,21,21.292077183769877,20.954704036865227,0,0
20,6,10,15.009006639831634,27.575627144611268,1,2
18,0,14,19.824707122042923,39.81892966429808,1,2
18,5,20,33.940061626893076,33.62716116110915,1,2
13,5,6,1.3604747988868016,32.32251595200983,0,0
17,3,16,37.60009585121984,35.167410238865806,1,2
17,4,27,38.06409931835909,27.64837585527842,0,0
12,6,12,29.517215580776462,20.583634034979184,1,2
17,6,8,4.484531981058948,34.227154960634685,1,2
22,3,32,22.42181108216861,25.941067030322404,1,2
8,4,12,22.490554229152714,38.24995297758188,1,1
1,3,20,47.16300114086873,30.278108559536104,0,0
7,1,42,29.000828256540267,31.279254332625015,0,0
5,3,41,19.253315391159948,32.85023306228011,1,1
13,2,16,48.58473798449194,28.149462237858465,1,2
3,3,30,30.197192937076057,26.25836632626453,1,1
13,1,35,28.265802852171745,22.598314250175545,1,2
0,5,18,43.23760195869491,21.858252613851384,0,0
20,5,3,15.33918045869347,32.961116381276746,0,0
22,0,43,27.77725003760933,24.542739469560054,0,0
15,4,27,7.941159473074494,37.41422668047669,1,2
12,0,49,20.712017833211522,27.604507116975718,1,2
13,4,44,7.700690205149485,24.421934770358547,1,1
1,1,17,14.219363162530518,35.90763246477543,0,0
11,5,18,43.68352696363025,37.04727882118605,0,0
20,2,2,28.793440352125053,33.347976463590015,0,0
23,4,25,19.410482620798312,20.99626924312249,1,2
21,2,11,48.22274790777543,37.67400033628672,0,0
7,3,33,42.9566367115493,38.87217397965259,0,0
0,4,22,42.75683813239544,36.86587135755262,0,0
1,2,43,9.734309130213493,39.0724679907546,0,0
4,3,12,34.39580346339214,22.885953195705248,1,1
0,2,20,38.89696551613178,24.439532341303778,1,1
1,0,34,43.902658305467554,33.90024502933446,1,1
7,5,14,15.060748890228082,32.135832617749216,0,0
15,2,40,1.342255863541958,32.62060685195158,1,1
21,2,29,30.03579906284702,20.316632807554694,0,0
12,0,34,29.484814058801845,23.546020539869872,0,0
21,6,17,11.039536138850615,39.95557469694073,1,2
2,0,13,45.960038127734194,38.03367854346443,0,0
7,2,21,15.608118727183534,28.65189946850925,0,0
7,1,26,9.946512093103681,37.097267072836175,1,1
20,4,26,19.136222688790948,36.879552730981885,1,2
21,4,4,42.364463569592615,35.01294912095172,0,0
10,6,48,29.499820836076402,38.097263079421104,1,2
22,4,4,5.117090171115351,22.850107991315653,0,0
14,1,31,37.56239949984863,22.918414385525814,1,2
8,5,39,41.49377595896545,23.208351519483983,1,2
20,1,22,28.792472263008364,22.26197522340252,1,2
10,4,20,22.628023035285743,35.683174947824355,0,0
21,6,12,17.499179253368265,33.462001708572046,0,0
12,5,46,46.542071982293315,22.8358064309699,1,2
0,5,49,6.367187605087032,23.38347546107209,1,1
6,3,15,15.561847514127635,22.36640053846657,0,0
1,4,33,38.297843722829334,23.798474909553423,0,0
13,0,25,3.9694937057292767,28.07882489478498,0,0
19,5,13,41.77679617858233,22.639930184307396,1,2
4,2,41,20.24947134699895,23.925336929491348,0,0
19,3,5,7.602471975585978,26.257527322737793,0,0
20,3,9,47.14494195951004,25.451548205966994,0,0
21,6,30,5.514220505527378,24.094822636861053,0,0
22,3,42,25.272337196339876,34.61178930115991,1,2
11,3,5,36.46481958694886,21.94912343801817,1,2
22,3,28,45.94607853678872,20.971769623573692,1,2
4,0,4,4.326137368216965,35.063836283564605,1,1
6,6,5,20.76137308169435,25.146051727700698,1,1
0,2,39,41.123119706894784,34.356017643690535,0,0
5,3,2,31.910005807224984,39.66860911893871,1,1
0,0,20,31.501001161350207,39.99492034070628,0,0
19,1,2,7.208104735282666,25.530962103221793,0,0
2,4,23,37.14169969393743,29.313194754643952,0,0
10,1,20,43.03520309262064,24.358535350868475,1,2
3,5,49,29.717111999266148,35.68009568253903,0,0
1,2,39,47.19952659879637,29.25985787923542,0,0
9,4,35,4.5846913672314304,38.925813494408004,1,1
7,4,28,37.817682411724434,33.61926689710024,0,0
16,6,49,20.882819179948086,31.51725412416146,1,2
1,5,18,37.497596718551875,32.08594462523728,0,0
3,0,33,43.283108492698815,33.4963598960343,1,2
23,3,4,30.41501082398327,22.620422792074034,1,2
2,2,22,43.29975094975064,39.83912419119177,0,0
10,2,17,20.536406357690183,29.351722713802896,0,0
11,0,39,9.188794663310828,21.839154800394034,0,0
15,3,14,40.381974547122454,39.83412752377909,1,2
23,5,31,18.429386122390646,26.167432663365947,0,0
17,6,16,39.13055408751499,35.31443400533638,0,0
15,1,26,7.460719637354046,21.44801646249304,1,2
16,5,35,34.51871607482605,38.93189448952837,1,2
7,5,32,1.7960936398108973,33.564849276128164,0,0
4,6,45,38.448313860888135,31.685736625406513,1,2
23,5,17,2.314108183637603,34.08300124024363,0,0
8,2,32,14.125852253510217,31.89275925621237,1,1
19,1,24,31.620511748343016,24.35064973812677,1,2
15,1,7,14.1962074657828,37.500031580077774,0,0
21,4,40,38.12981487676358,29.814393030685448,0,0
11,2,13,37.69575040155127,21.771257430942654,1,2
3,3,43,31.621870452770168,24.934161799759725,1,1
0,0,25,40.32140924659471,22.59616862550043,1,1
19,4,31,27.945110491167114,33.42886594316115,1,2
15,6,5,22.01414359468421,20.19955166594559,1,2
16,4,28,46.8364689773973,30.15314004693702,1,2
1,6,30,45.61839619249176,20.26315779959394,0,0
11,2,48,13.101930919526595,25.111672188004047,1,1
7,4,49,18.562750921863913,21.553689931612922,1,1
7,2,49,48.66345075404312,26.76171733076874,1,2
19,3,26,6.459506946784554,31.187614161080106,1,2
1,2,14,25.608861736538923,35.20787030445673,1,1
9,0,41,0.9717477827205168,25.661934534883287,0,0
6,5,33,24.486130076189372,27.293316303712054,1,1
21,3,16,42.07542866753165,32.58540152942528,1,2
3,4,4,43.04886863205483,25.886672917676904,0,0
21,2,49,49.962236892701576,31.061404308897373,0,0
11,5,6,49.85277721534489,37.643853674390456,0,0
15,1,7,27.5910219467631,28.438927526758455,1,2
0,5,43,38.083117618767346,21.706443957259633,1,1
3,1,5,29.79721790648172,29.160137546403053,1,1
6,3,15,40.33189797002383,25.80622620336577,1,2
17,4,22,49.71210509330059,30.727870168856562,0,0
21,5,14,39.568908538080485,29.4246592025668,0,0
23,6,5,38.390123681243004,20.044544733751554,1,2
5,6,3,1.8703471877930256,33.32617024973872,0,0
23,4,47,38.64552455998979,26.378219424358626,0,0
18,3,16,2.891920949652449,38.46049538045405,0,0
19,1,27,14.026585303893391,20.301244337328082,1,2
8,0,46,24.505932294499882,36.62114369183638,0,0
14,4,48,12.230218162889129,35.25816401273009,1,2
19,3,8,20.823170728676356,36.49292117499236,1,2
9,3,43,41.870402752558824,24.600863829947627,0,0
2,1,36,10.708143088442156,39.47513626702917,1,1
6,5,38,17.34608881866623,28.305758268517046,1,1
7,5,40,24.44106545449174,33.54219486648378,1,1
17,6,20,5.031043315739526,33.63845709690864,0,0
5,0,17,44.19788244245373,39.44039426993319,0,0
21,5,13,31.828374030179003,34.62740826059978,0,0
19,3,10,22.46994571578231,31.41597458409064,0,0
2,6,3,1.298364896268872,37.33639804508462,1,1
16,1,19,20.511534820834076,22.701786396426733,1,2
23,3,14,24.41021419382649,37.47884052718156,1,2
23,4,13,40.30207911206221,21.976244749539568,1,2
12,4,38,19.753889710585014,23.11855388284306,1,2
16,0,3,38.89642330144286,21.34984851193147,0,0
3,3,30,25.32538358235935,36.3049122950587,1,1
10,3,20,29.284063486527124,20.8800993255139,1,2
19,6,5,41.11835202898768,21.734937431159974,1,2
20,6,27,31.214001637912308,29.998481616282533,0,0
21,0,34,33.462387344077435,29.940418707729634,1,2
14,6,49,42.344497542713164,34.70320472453335,1,2
13,4,23,3.0683250740822676,27.500465685487157,0,0
23,3,44,26.711920645726135,23.81777132422535,0,0
17,6,3,9.967012839060724,24.798411340098813,0,0
16,2,16,34.08744518370283,21.594301366901448,1,2
12,0,12,42.79731253333679,37.37080014904801,1,2
17,4,12,42.81310572643587,32.048151008175076,1,2
4,6,18,4.053324364003746,39.10062260796068,0,0
10,6,38,26.068750013839974,25.750791266957904,1,2
1,5,25,44.83188606714074,23.269397746226602,0,0
22,5,32,2.010347765638137,20.822947313501,0,0
15,2,3,42.86274764662973,38.221526934289166,1,2
5,5,13,21.348527030934523,28.14666808894604,0,0
23,6,20,4.015177615196847,38.92821299744716,0,0
8,2,19,9.333633719945267,27.366135442058752,1,1
15,1,12,9.516167710704265,32.619530802411,0,0
20,4,20,48.90069889037732,23.270969672144687,1,2
1,3,40,1.8378594655455271,30.072437224256895,1,1
15,6,5,13.683587695222105,31.491041378670666,0,0
18,4,31,24.78382426289305,32.01776867755966,0,0
18,0,18,49.28373075187979,25.28790389863959,1,2
23,3,30,44.93786870661591,23.603728493743677,1,2
4,1,23,34.594091994838685,37.652503054379125,1,1
7,2,3,7.613605894612135,25.510142753982443,1,1
19,1,41,47.272440174593335,23.696068962860146,0,0
1,2,1,2.487368118875982,23.970161609552857,1,1
8,5,43,9.067097158194064,25.989803747743576,1,1
4,3,7,42.88334015293105,24.24101589218067,1,2
18,5,40,28.198594549150467,22.599798455337293,1,2
1,6,17,24.713046454340986,37.72889501781276,0,0
23,0,23,37.06429399086479,27.46709881136347,1,2
0,0,18,2.3653045481980106,20.314697136259426,0,0
9,3,34,15.241830721512335,30.094667652828587,0,0
19,4,42,27.689892680437023,38.59785176121744,1,2
7,3,19,37.35526846633154,33.71945742036067,0,0
19,2,33,39.303301035959905,39.575234137681605,0,0
14,0,22,2.6678538541476837,20.58308683171174,1,1
1,3,24,42.587439553299085,20.830289483022973,1,1
0,5,3,48.66705070429131,34.820131929997416,0,0
3,4,30,6.334061933763446,38.34282817282905,0,0
14,5,29,27.04688992768022,32.30516441823174,0,0
12,3,28,38.54277743650249,20.707823351037657,1,2
23,4,40,4.215238172309904,36.92020143632604,1,2
16,4,25,10.894880340527441,35.531385699297864,0,0
18,2,44,32.66209292305432,34.05540558358616,1,2
2,2,27,40.153399755430776,29.936081276688476,0,0
12,2,30,38.622891486239034,25.640532766577167,1,2
6,0,9,29.468046530010533,39.22574389307594,0,0
3,6,19,32.83827196749657,32.174453317570325,1,1
0,4,12,42.797655969691114,31.7819359859931,0,0
23,0,44,38.44326945222778,22.130770659094487,0,0
5,6,37,49.82173176408477,22.238935520550793,1,2
7,0,2,27.53906838356765,31.029204119712478,0,0
17,6,15,3.8711136504599395,20.526412883980115,1,2
20,5,12,26.103808379116522,22.498247091929414,1,2
10,1,37,44.63372712310181,26.431741393918944,0,0
21,4,12,29.336613799103993,37.45016357648211,1,2
11,2,24,30.184331860279517,31.768848225436066,0,0
21,0,31,37.80235179536613,29.439698208503792,1,2
13,0,13,18.733774467881798,20.13522673936555,0,0
0,2,6,41.73925960316061,36.95219366100895,0,0
8,2,3,48.43223513007133,33.40826276576525,1,2
1,1,46,48.60035427549674,39.499035955912845,1,2
14,0,14,32.8986058823226,22.090750988967553,0,0
22,1,18,28.303186847351125,34.272403923329406,0,0
22,2,35,47.74141829944983,36.464491586200566,1,2
1,3,13,46.40184017825867,25.87032536907315,0,0
3,6,32,36.92848529927134,28.272713057505065,0,0
3,2,20,5.021951251848117,35.81323358381724,0,0
18,1,11,29.38132167843922,30.368337801548243,1,2
14,2,44,30.532660114932142,22.419409434603953,0,0
3,3,44,10.476036809264572,24.444074469318416,0,0
7,6,28,40.27325210566946,38.305268148064606,0,0
16,4,22,2.5536185595263827,33.95951350083663,1,2
11,4,47,30.279214577957607,21.408934810686105,1,2
6,4,4,26.177163856369347,20.911235189295287,0,0
10,2,17,14.118254321542867,28.96042709864198,0,0
8,6,4,8.614572842494672,21.988959434805416,1,1
1,3,26,34.086655060485825,33.22194231308824,1,1
19,3,48,18.318754187292214,30.79298281460857,1,2
1,3,5,13.772693354488668,24.518352793658416,0,0
20,6,13,10.38816708782474,30.015957749967363,1,2
11,6,41,49.54835998434215,25.729766652954815,0,0
7,1,44,14.47683841767271,20.81855486390555,1,1
21,6,41,18.76173224087023,38.32749530070444,1,2
23,1,18,9.710786511471214,33.16952992900601,0,0
10,4,9,29.23851221754682,20.555376922886083,1,2
14,1,49,37.115015566771845,35.99742647417631,0,0
3,0,23,44.96172812037557,27.03192804347807,0,0
5,2,40,21.52207452327094,23.4647351189124,1,1
17,3,39,44.39027918997553,29.818112155770294,1,2
6,3,13,5.366849705770732,31.11718121324786,1,1
14,6,37,27.49327821761525,23.917759910313087,0,0
14,1,28,43.77890439415148,32.246307997590996,0,0
9,6,3,29.82346175336021,20.620287126848396,1,2
8,6,45,23.408083876951792,32.544993613092544,1,1
2,3,49,43.745587080651966,30.85822302285395,1,1
21,1,5,22.857182511352747,30.204349905929337,0,0
18,2,46,26.715226318583063,38.604258916135954,0,0
6,0,13,12.507161678901236,21.730290608448794,1,1
3,4,49,43.19297359696896,23.550212876492665,1,2
15,3,1,12.447683222538242,38.388093316627206,0,0
16,3,33,30.430531928828984,25.79896566268688,1,2
21,6,2,3.2335505045740396,22.89466103899812,1,2
5,0,48,38.90354507581538,29.877258870290234,0,0
17,5,30,18.324385740240025,20.69510824767004,1,2
14,0,21,7.591539451186241,29.75393231750258,0,0
18,6,16,1.347197673018885,31.01531569561046,1,2
0,0,30,42.31865639887487,37.03466585570007,0,0
22,2,47,13.405240195012292,34.5893603129512,1,2
3,4,5,18.506667334182207,22.89151394975239,0,0
16,6,46,37.61812785150614,29.50695910991413,0,0
8,2,27,35.81909474051405,38.454355026006425,1,2
16,4,24,21.940742035985267,29.628310542082183,0,0
18,3,45,7.19010099546159,27.105406564403868,1,2
18,2,2,28.541853455629784,26.91429607331913,1,2
2,3,28,25.504542400268427,35.22422357331692,1,1
9,3,46,27.67484460066113,30.14660178298637,1,2
1,3,19,42.582466383755055,38.84122493586143,1,1
12,6,40,35.63836445237635,27.114434523372672,1,2
9,0,49,5.377900064529856,35.45442430542041,1,1
11,6,13,34.862385098571536,39.35544863822505,0,0
11,0,12,21.80631298392015,21.192632941111835,0,0
13,2,31,25.088074823221433,24.123632734008517,0,0
1,3,13,41.64692214226739,37.7843418468473,0,0
8,2,29,11.059823290539923,32.79092172462786,0,0
19,3,6,33.81508832664786,27.735836875330044,0,0
16,1,15,5.86880283799216,29.788037445296617,1,2
18,4,28,34.99202484250164,20.03661841210095,1,2
6,3,4,36.94377734398484,30.69299931583145,1,2
6,2,7,43.19336837555606,23.156040262751798,0,0
13,1,27,18.176927060036913,23.094791242466954,0,0
20,6,2,32.57710408861853,37.720542550451334,1,2
2,4,29,15.22095085065126,28.661073178091847,1,1
0,6,48,46.330124852218546,37.38613884083357,0,0
5,2,46,21.53943893555522,28.758259192537803,0,0
1,4,19,18.244249734325184,29.5264426410163,0,0
10,3,49,44.19020332659353,20.069709641408085,1,2
4,3,47,21.39202797317447,20.519581223728224,1,1
4,5,26,5.754743784954402,32.026259690965865,1,1
6,6,31,9.492412903262599,20.869979265929107,0,0
4,5,15,2.4933029663742614,28.775549450946837,0,0
17,5,29,10.906619951500163,35.311684773364476,0,0
15,4,42,14.938972259882355,39.84866834581875,1,2
6,5,49,14.046435176089705,28.528020910077828,0,0
22,0,33,12.25075852382173,32.96929259760031,1,2
12,6,42,27.96248260409563,28.74962829437859,0,0
2,5,10,11.280587303393297,39.793581819163094,1,1
12,2,13,22.742310923421165,34.6928893472739,0,0
15,6,40,20.870405257459744,20.41866133390648,1,2
17,4,11,12.76820648384932,31.832439444728344,1,2
21,0,2,42.67621152671333,29.904716450581358,1,2
7,4,36,17.535704319165074,22.689215146889087,0,0
12,3,28,37.38981376708061,31.45241839289166,1,2
9,3,44,35.08423913369217,31.504004520327484,1,2
14,6,40,31.80536694422117,24.12571674746252,1,2
0,0,6,12.016827054685796,28.18029104288141,1,1
7,6,35,27.014270519581807,36.232291761332654,1,1
10,5,9,46.23129328500818,23.992420737581753,0,0
7,1,33,26.795922625832475,28.765819413870226,0,0
10,1,6,39.01845225799212,35.73956663451214,0,0
15,5,1,13.843941853199137,30.972557202354068,1,2
3,0,39,21.602482148645123,27.25974000669307,0,0
22,5,19,10.07477590266619,20.723329906690147,1,2
2,6,18,11.869523921148467,37.254046958468535,0,0
6,0,39,46.86416535739028,37.705317435660476,1,2
17,2,19,12.356295854260086,22.476825321707466,0,0
7,2,6,48.50110855941601,23.444129366407996,1,2
13,2,29,13.323205159649582,28.45995602739376,0,0
8,2,7,5.903183691558056,29.540097543175904,1,1
22,0,28,19.39358736478704,22.94531298209947,1,2
0,4,6,4.615888569351356,24.490902135003388,1,1
3,4,12,20.620259378798135,37.562658149722125,1,1
9,3,44,7.77152135199024,37.787084854131976,1,1
21,5,37,20.60430969374928,37.88351031197079,1,2
7,1,8,30.863546392199027,20.744162882522183,0,0
18,3,40,36.80488177743169,25.72519504912468,1,2
12,5,20,36.10933446575297,20.063115655491824,0,0
15,4,40,19.42988691817657,37.305456783823686,0,0
11,1,42,42.754005809890465,26.362474906985,0,0
8,4,4,23.083230754224015,25.299173687609112,1,1
15,4,1,17.645765724167266,35.61719243058238,0,0
8,0,13,10.023352839901028,38.350821591130526,1,1
13,1,14,23.651677837302376,37.95408715691794,0,0
12,0,25,40.055437367264524,27.16379374623409,1,2
20,1,25,9.68583913158515,27.89142730760782,1,2
3,4,42,42.17784240700312,39.662444535048806,0,0
11,1,29,1.9529088893843916,33.27817552815473,0,0
4,0,32,36.764082360872735,31.806492641920556,0,0
18,0,18,8.863873813360678,27.67813600732845,0,0
13,6,3,37.162141785052405,21.86872518628154,0,0
4,3,19,44.903010599519526,35.51557407053703,1,2
6,4,14,26.40741100837829,27.484366957701873,0,0
5,0,42,10.71564237880443,26.147080966901807,1,1
21,3,39,1.2494924856454814,23.460302840239848,0,0
0,1,4,21.468170861997553,32.58986060785191,1,1
6,4,40,42.97563368576006,35.20929124068904,1,2
6,4,22,0.09008951976230417,36.70758891314726,1,1
2,6,11,17.168161247892034,25.04659151577254,1,1
7,1,43,40.531670927317805,24.866517252329146,1,2
5,2,11,42.65957782125474,22.883496193872226,1,2
10,5,21,2.5611777779190605,21.37015851276963,1,1
20,6,2,5.312905332194323,24.913804187355986,0,0
2,4,3,48.62236958623345,28.569670184490246,1,2
10,4,24,3.892916499766325,25.745082271719717,1,1
22,6,12,3.0216894654649606,25.401867908915694,0,0
11,6,34,43.05191031899166,32.96999335901494,0,0
14,2,49,3.8223055543642195,20.427459046080717,1,1
2,5,31,26.895940385309746,36.11784905130324,0,0
6,3,22,8.31741953417739,38.8729030847845,0,0
1,4,31,2.2422318435767696,34.2478921898052,0,0
17,3,33,0.927353315635393,33.77114886963644,0,0
20,1,28,22.46321356939992,20.989039546674082,0,0
0,6,24,0.6716006143350162,39.415992327279106,0,0
6,5,2,39.719831988406675,27.702897320133065,0,0
20,0,39,19.596012580096385,33.83579380459396,1,2
4,5,22,4.535580718751558,23.7009526872371,1,1
21,2,45,3.103540601551824,34.37365324811358,0,0
14,5,17,17.275167258921016,24.932993950071946,0,0
10,3,7,32.039100154012814,30.352456572631446,0,0
20,2,49,30.327814351643813,28.913565081542643,1,2
20,3,11,22.379484728762367,37.395172541543545,1,2
9,0,1,3.9201400986380364,28.70635344175436,1,1
1,5,18,39.86386734686627,37.496601559104,1,1
7,6,17,8.938368064038816,33.6365128404146,1,1
4,1,42,38.675776012764885,26.717150047143924,0,0
16,1,3,32.55883487511296,25.000174937121074,0,0
2,1,14,3.26327056192236,23.74266773514378,1,1
10,1,14,30.005831868398026,35.37601654588565,0,0
19,6,6,6.361464429590146,27.25591276399495,1,2
3,3,19,30.135090483714162,30.44912426234466,0,0
22,5,22,17.986773767650742,33.46748658602199,0,0
2,1,47,46.527298529894054,37.06477772695013,0,0
8,2,1,34.48290330637979,31.050200399421897,1,2
5,4,21,49.759070178014035,35.27144938113198,1,2
14,4,23,40.32700525102877,36.43403930001981,0,0
22,6,8,9.5904196332126,23.88345043528464,1,2
13,4,44,14.304306268764016,33.91384496972826,0,0
13,3,16,41.57440707374887,30.73988662916245,1,2
9,2,33,8.390440378125048,33.02983234656843,1,1
12,5,7,49.63360007627826,27.390056380223395,1,2
1,2,1,6.084247087523642,27.197735294642747,1,1
13,5,49,32.55146122318982,28.800749154613346,0,0
20,6,26,22.065493446935413,31.29757088125018,0,0
1,1,14,48.650190972374375,20.98662097333792,0,0
0,5,6,6.237821683234595,35.812396970843125,1,1
23,3,26,6.98199476471924,28.10503871218382,0,0
19,0,45,5.697689169421394,35.417115012937536,0,0
10,2,47,5.466473095735896,33.566951806080155,0,0
20,5,35,22.397993680543777,33.75127331000307,0,0
22,3,31,10.809361947325785,21.344405795967226,1,2
9,1,17,47.722696860069405,35.49185991922484,1,2
21,0,24,2.2421563949678482,23.421213021341728,1,2
20,1,38,48.74724724084203,22.099281830547838,0,0
9,3,49,9.054414419161516,28.431923688717895,1,1
21,0,44,7.908377122507399,32.11664108291639,1,2
4,3,29,26.891527109710793,20.170583054808283,0,0
21,2,17,22.22208188137373,27.513479297134243,0,0
11,0,19,11.689157346443535,30.12856687232496,0,0
6,6,33,34.57356743691731,34.56587577057918,0,0
6,3,24,25.455108182440174,34.963988406934234,1,1
20,5,26,19.100286049830128,24.24673216941349,1,2
21,5,25,20.92399425453432,22.27768835688106,0,0
10,6,20,5.67187532207884,37.59504028642573,1,1
10,4,21,1.3739537963866788,38.0204219808067,0,0
13,2,11,45.64922379470357,20.806058757536036,1,2
0,3,6,9.203769968948826,24.51593400368751,1,1
13,1,27,11.542222838511112,36.63168711995934,1,2
17,5,44,39.94495766338873,36.433825562356056,0,0
18,1,19,24.890154233933853,27.96838511923255,0,0
20,3,46,46.959449423341646,34.210464189806316,0,0
18,3,8,33.542776007064155,36.76248386570221,1,2
0,4,34,41.52163630494521,21.790025142810386,1,1
23,6,39,13.622906562668796,33.34165971215322,0,0
19,0,7,3.226289744945865,24.73569941415365,0,0
18,2,27,39.56674675718819,36.698963000041445,0,0
20,6,23,1.694105179649763,21.71261942146997,0,0
2,2,35,26.889371891193314,38.53504001695014,1,1
16,3,27,13.030050868055454,37.86202600764307,0,0
1,1,39,44.02614469709737,20.470693555311417,0,0
12,0,42,31.16271376013492,38.94506180057746,0,0
4,3,30,48.610604850267244,22.662191268193574,0,0
7,6,16,11.405468398745233,26.31071745259493,0,0
21,5,43,3.2142086496585454,35.20610146851594,0,0
19,0,28,45.8555713021342,38.42927790778556,1,2
17,3,34,30.380148558796012,37.79647211067699,0,0
22,6,17,6.5739724364943575,36.65789567705056,0,0
9,4,26,35.640757679029,26.59227330422496,1,2
16,0,30,0.1657756325238291,24.969960902546795,1,1
6,3,45,22.168859810026632,30.08552255822756,1,1
15,3,46,26.53372350836557,21.34399707706185,1,2
4,2,9,4.699833126337937,22.50011052743083,0,0
18,1,36,42.85333136145111,21.779215708205022,1,2
8,0,36,3.448872738029701,25.5187443001926,1,1
6,1,37,16.70418716446333,20.735657435220624,0,0
15,1,26,21.01586613561019,36.37615773435962,0,0
22,2,30,3.0816239295949344,29.760313638826364,1,2
20,0,47,46.099312054930216,25.450612788811952,0,0
19,1,16,36.22417350967221,31.297521408642947,1,2
22,2,45,7.808217199314854,23.156149505685924,0,0
3,6,21,18.459279162619623,22.2635061697627,0,0
9,2,29,1.1484128496970114,36.121298900114304,1,1
20,5,14,38.84352932226858,38.19287981258803,0,0
0,5,8,4.878122621162046,23.347073666755684,1,1
10,5,34,32.19566206071622,31.280895067242373,1,2
2,0,18,11.401505586340143,29.821712243826557,0,0
12,5,33,44.111160184383316,25.75630518782129,0,0
2,6,22,5.12036311594673,32.48898877201209,0,0
20,6,32,29.74456594259774,25.140301551901366,0,0
9,3,15,19.891077279345787,21.725039206907603,0,0
19,0,38,16.748383268770738,34.33995518217229,0,0
12,6,33,44.26470138682913,26.079228045713762,0,0
12,0,20,10.736679341929678,37.57551172534549,0,0
5,4,10,17.31692163226969,34.732008648229,1,1
18,1,36,15.134068668679596,21.656790606184746,0,0
17,2,47,45.56010657754353,20.18774303573786,0,0
19,4,23,29.50010143406676,23.447659693630097,0,0
7,4,44,31.311564519594732,29.298100612538086,1,2
7,1,32,2.8185637272268527,31.507429727986704,0,0
23,1,22,40.47698476769009,39.783329950037945,0,0
7,4,18,24.07587219784452,20.45641172133475,1,1
19,2,23,16.17372862317209,27.716582107126115,1,2
1,5,2,27.67065625034161,38.942441492525674,0,0
20,4,47,1.3137694470419237,33.48960067804232,1,2
3,3,16,8.854811535709988,24.630416987269584,1,1
21,2,41,6.482440181342835,27.86882633267671,1,2
15,6,44,40.63359773452849,22.449091609309722,0,0
1,1,36,44.7103116594721,33.8875906555907,1,1
12,2,40,28.107165158286374,28.938866693125732,1,2
16,1,29,46.183510620660634,21.705239623451227,1,2
20,6,40,24.981317131239756,31.841341755769385,1,2
4,2,40,23.19193699208056,32.815752555910095,1,1
7,1,15,37.65295982504703,30.101477430078223,0,0
1,4,23,3.852276848923247,30.457407420449147,0,0
13,1,28,14.248778325110711,26.618187969902273,0,0
0,4,15,27.10655469767514,32.78450132690231,1,1
3,1,24,24.75665366376975,29.15683455362001,0,0
22,4,31,27.625682524676282,30.713976662022294,0,0
13,5,28,41.104850028923465,35.14849812310263,0,0
12,5,20,7.134381282682933,26.676867665012892,0,0
21,0,17,18.55042411364481,22.439985953922857,1,2
18,0,44,30.306434906200092,33.746240000016904,1,2
0,3,33,15.338221835802807,34.61537280259906,0,0
4,3,14,34.39486505228992,24.108618337209798,1,1
22,5,38,17.66380690573271,31.59529728749816,0,0
18,1,3,3.3065015482467484,28.604266757884336,0,0
10,4,3,1.3780468080765662,26.742441624886734,1,1
12,5,38,33.215961277441394,29.854335292549017,1,2
22,6,21,1.5732274829081239,35.007613020583875,1,2
9,4,4,17.425897950493002,24.90053672482397,0,0
19,2,1,7.459809291662101,35.582925094353264,1,2
5,5,28,45.18914108911516,30.10661820172115,0,0
17,6,10,19.063711012350172,34.79480774830107,1,2
12,3,37,0.1684509796105349,35.584872147680905,1,1
19,3,17,0.5505805807974717,34.89443146580129,0,0
5,4,39,44.9315564038182,22.964395899980744,0,0
16,2,47,39.81401026694842,37.45054405723375,0,0
7,2,49,18.804909729521036,25.852766750688104,0,0
1,0,38,11.919584254190669,38.98615417003434,1,1
13,5,29,19.882323356688065,20.774651196456166,0,0
17,0,33,43.30842443263312,30.83150109047166,1,2
7,3,17,28.07215181114588,27.318776088101394,0,0
19,5,38,40.400410986731806,29.01904906694491,0,0
0,1,33,7.594538512392596,22.997240875872443,1,1
15,3,17,16.984647759430864,34.325955430110994,0,0
23,3,45,43.56207443947183,23.15850193481221,0,0
21,0,29,19.091062893829847,20.631971729912106,0,0
19,6,29,4.302810653339839,33.166732962771604,1,2
1,5,36,42.04293240561833,29.456998254138597,1,1
23,2,12,38.49717814652151,32.442350396243164,0,0
19,5,22,49.536164089110244,31.337155344591096,0,0
11,5,5,10.789125684549944,33.696232702970796,0,0
14,4,16,19.882681121828348,35.179548044754334,1,2
1,3,11,37.30746968838618,27.572545562092827,1,1
17,2,10,22.09311545535966,38.470519226324555,0,0
3,1,12,37.106181660557176,35.680359774685414,1,1
6,2,8,14.093495480825762,29.049689891715488,0,0
10,5,11,24.91967017929785,31.004775016656172,0,0
20,6,10,42.42696970812851,32.376135854446076,1,2
6,1,35,47.00571788094537,36.23703721722448,1,2
21,0,24,31.106591187954812,39.805287700188984,1,2
12,2,47,43.38162866647593,21.835351651146638,0,0
1,4,37,9.506776309165927,23.75042319439818,0,0
8,2,48,3.5576773539087005,23.440835740728232,0,0
7,5,38,47.59578928491146,21.75957676094435,1,2
3,0,1,16.688759434817996,30.21181268756902,1,1
15,6,30,41.416938620120746,34.3758493687217,1,2
2,0,15,48.160047869098285,32.811170736018255,0,0
19,0,34,49.563007538243674,28.891019766782385,1,2
12,5,37,49.381541626283855,28.743419409914598,1,2
8,4,10,23.99545630364517,38.783357950636855,1,1
15,3,46,2.8240991786981695,20.02883150340975,0,0
4,3,19,43.646501646098,34.82172654422896,1,2
9,1,40,14.340915958224715,29.8583270182382,1,1
13,0,21,23.861376163623284,25.220253262023178,1,2
2,4,3,41.66369252603761,33.246250440003365,1,1
21,1,23,28.680096126387355,36.440953956686215,0,0
11,6,41,27.22777916693298,32.97711767128912,0,0
3,1,30,34.95088125093367,38.437366176714676,0,0
1,1,14,29.403805148598,37.5969575365467,0,0
0,4,45,19.410882356889125,26.068979100442945,0,0
6,0,3,7.50308456374632,20.96565464379705,0,0
13,4,40,24.808018163284817,39.871329174267366,0,0
9,3,19,38.11456960324493,30.616862892480768,0,0
1,0,16,26.98470649230459,31.11060506387078,1,1
16,1,40,30.6546641706183,26.259924197275293,0,0
8,0,31,0.015905619675388172,25.08457639717083,1,1
13,2,48,28.36712655589754,37.58008103778364,1,2
5,5,3,3.661875926850666,33.7708324454454,0,0
11,6,9,3.5054298447736665,35.27096645567026,0,0
16,1,24,34.89252917471102,25.406637906084924,0,0
0,3,35,1.9081016190900912,25.415040239732438,0,0
5,5,35,46.12268784819526,29.588830812911397,1,2
11,4,31,43.93214842706282,39.98006078428083,0,0
13,2,39,43.250878221257175,28.734445503179842,1,2
5,3,4,34.05353671562785,28.57869279450306,0,0
1,4,1,0.5212723141188591,20.280270155221427,1,1
1,6,32,28.684419474163175,29.467076655841552,0,0
17,6,8,10.730917621795804,23.6687041524323,0,0
11,5,31,42.6620922109733,38.743648879641555,0,0
1,6,21,23.64768129778368,27.756321682097997,0,0
1,0,26,35.34643093559347,35.34272221300615,0,0
13,5,8,10.37573180137596,32.58409152331542,1,1
14,5,44,12.692945261129996,23.41218609236528,0,0
6,0,17,35.35056428279928,37.31931673198581,1,2
0,5,12,3.4420228802451716,38.134667210148876,1,1
14,5,42,9.592008512371919,32.64447930837782,0,0
16,0,40,40.56338520644667,22.50894337969458,0,0
19,0,20,43.568830577119364,31.481761451345918,1,2
17,0,47,8.353124552221209,32.75097639519011,1,2
1,2,23,37.988837778179665,37.67916336920565,0,0
2,0,22,9.3565278719475,36.15186418350896,1,1
12,6,41,9.429072817642863,30.537402622846994,1,1
8,5,35,15.566882155041428,20.879754130877807,1,1
22,0,29,26.508249272502155,21.58148491906946,0,0
18,4,3,30.748767554378492,37.758207061953854,0,0
0,5,3,43.04845550618007,31.833519504218316,1,1
3,0,35,8.416871354253836,33.282664189504175,1,1
21,6,21,12.458516236548917,35.25390168574988,0,0
1,0,18,4.602860736278042,32.094384269407186,1,1
1,6,31,43.7217910133006,26.914056129560365,0,0
18,3,21,1.8495383537672883,37.06948123303653,0,0
15,6,30,16.543839151907257,31.372381875487903,0,0
17,1,23,42.48507503177011,31.757769391419636,1,2
15,3,49,17.89118014374495,35.56262845703165,0,0
13,4,21,32.852522848684664,35.34072294501897,0,0
12,5,46,3.4813308086986847,23.519749984722335,0,0
2,2,10,4.297953070682848,33.729474629579265,1,1
21,4,38,5.448158503788797,32.95611899325523,0,0
10,2,14,47.23948740196802,30.229498959481553,1,2
0,5,21,46.9230478260171,35.33079104310434,1,1
9,2,46,4.348179023255461,39.62826879914601,0,0
3,4,36,40.17765685798683,23.920567002726305,1,1
23,1,24,23.2649004594284,33.432550033983794,1,2
7,4,7,37.33786914661994,24.976011129022996,1,2
18,3,1,33.541431122413144,38.14368116664707,0,0
1,6,37,10.402406744686948,20.837235762363072,1,1
2,2,25,46.87894873771682,38.0413979437828,0,0
5,6,24,42.392533362412706,29.01558385934451,0,0
13,4,27,49.97817456581759,22.8542630058744,1,2
8,5,19,37.565856447900856,30.04121709735297,1,2
10,5,19,20.58997436440527,35.282768663181315,1,2
21,2,44,17.71717012081918,26.16893909655957,1,2
4,5,10,24.023460204971542,34.65588800095078,1,1
1,4,22,43.96360159487169,34.16445685571317,0,0
15,1,10,25.673026232509073,33.1168116162637,1,2
7,5,24,24.367198436385518,35.4008893520866,1,1
11,0,45,16.233261309994862,34.5232722774129,1,1
0,4,6,40.40802056896371,26.3875853158486,0,0
7,4,12,34.610141622949754,32.081746848376696,0,0
11,6,31,11.45998008943479,27.646691079172747,1,1
9,0,46,16.41246598451466,20.973959072237317,0,0
6,0,12,9.849642089049038,24.59127006235039,0,0
3,5,6,24.399609285926406,30.31145781809997,0,0
9,2,25,48.185516622723625,39.16246247787191,0,0
2,5,17,45.901283974022064,29.18428944959804,1,2
2,3,11,3.1151858774299157,25.675931393900782,0,0
20,1,15,2.0896316360086873,27.015312380152206,1,2
0,5,48,2.300927697259442,27.29551914337915,1,1
2,3,49,6.162066282749662,35.79594774103216,0,0
17,4,48,48.619346397525426,28.702831546072588,1,2
16,5,28,34.42508422399243,35.76319660885734,1,2
4,2,32,6.429221352538744,33.90105440310094,0,0
11,4,45,16.18208680703523,28.422208505465843,0,0
11,2,5,0.7375888058917313,39.164388401011976,1,1
8,2,28,13.195048995838498,26.214686857228507,0,0
16,0,20,32.683748529355036,20.643292045517356,0,0
21,4,27,18.453221056355652,23.502922027506855,0,0
16,6,43,1.3348932256034174,35.84322656402822,0,0
7,3,13,9.41411499653601,35.244005818945816,1,1
12,2,34,38.771922273187016,26.15905510403328,1,2
13,1,6,42.24244001870611,36.45303007324474,1,2
22,4,23,5.582553189743599,39.79383781709151,0,0
0,4,28,28.278607504275154,32.46597263980455,0,0
11,6,27,33.03102519202889,37.04876561215332,0,0
19,2,27,6.230166787955022,21.991985093928108,0,0
6,3,27,14.044440785997308,31.72973739331256,1,1
17,3,44,45.436716080623825,39.03571387911745,1,2
17,6,16,15.312336977070846,35.76517335811812,0,0
15,3,31,30.289567398054455,35.54430172233822,0,0
6,2,14,39.24219572302323,26.854727337690946,0,0
7,3,38,22.170012797787408,31.72187268404076,1,1
1,0,48,0.9067836872231172,21.890300294697877,1,1
22,6,32,46.70363213909728,24.58660064151588,0,0
9,5,1,27.89386078705028,32.08420402170549,1,2
9,5,26,9.786367955222703,25.572576730556186,0,0
22,6,11,43.04154144053228,29.044279810238695,1,2
19,4,19,17.990313945137427,31.798563202645656,0,0
1,0,29,4.547710767219687,25.45283414523499,0,0
4,2,9,14.478622197297387,37.30806731044939,0,0
8,6,26,10.724241311719156,37.14244038725709,0,0
9,0,43,44.40619103011157,29.963100177558168,1,2
3,6,17,39.01160636635333,37.51524394756957,1,1
4,2,48,4.5931805276525575,28.06344930311119,0,0
17,0,15,45.563719398291255,28.34050139429209,0,0
20,2,30,16.972685616393562,22.819904309049132,1,2
9,6,10,37.35500937531956,25.874990298214193,0,0
0,6,49,13.10109010960902,25.32292835386622,1,1
8,2,17,4.762213004634547,26.270628878288058,0,0
9,6,37,4.276335895453237,30.443329679159305,1,1
0,4,14,38.534977248930666,32.91250660639379,0,0
21,3,18,37.02636686544547,23.612773699163395,0,0
16,1,6,15.544695477434317,25.3550727713181,1,2
8,4,21,36.827629798531305,24.95087717891399,1,2
2,2,20,42.907064815485114,26.541531120858664,1,1
19,6,38,49.73001264020685,25.20060336291682,1,2
1,3,35,49.65326149478274,36.196242601678506,1,2
4,5,49,27.81668716230701,33.89439180945999,1,1
16,1,8,17.51122436324037,28.25566886194546,1,2
17,6,19,28.061497708965344,25.07636019055205,0,0
22,1,27,38.43739470548645,39.1247015503348,1,2
23,0,22,35.24822971828655,26.906714453015052,1,2
10,0,1,5.957847780743458,27.276050217910967,0,0
0,4,23,13.396619055412584,21.331996314028835,0,0
18,1,7,37.29203143517455,25.532667676038123,1,2
0,4,39,26.051319772484238,22.74698574353321,1,1
22,0,17,33.51916513439156,27.507826375121013,0,0
21,2,43,6.4810080944368025,29.37247333241733,0,0
23,3,48,9.148905485894765,23.427918686885462,0,0
18,1,12,41.881297523809494,21.956999411376586,1,2
12,5,35,9.47297589828316,24.065527567441162,0,0
6,0,8,36.270307889151155,25.164690178003504,0,0
20,5,13,36.66331520264776,21.857634590248608,0,0
2,6,17,49.84295952795621,26.1798851267245,0,0
23,1,3,19.366647554831694,25.667343186910216,0,0
15,6,23,37.2278938997629,30.055721102622364,1,2
6,2,23,41.2102225561948,24.277665687413645,1,2
9,2,44,46.40071424987099,37.251485787532,0,0
7,3,12,31.968346331511054,39.120589883696226,1,2
11,1,14,11.50792187998501,22.537872404719582,0,0
11,1,49,42.64570937232832,38.73766788332506,0,0
23,2,47,15.621928881840663,21.770767945868812,0,0
3,0,22,32.970897947181804,27.223026444846845,1,1
13,6,39,11.502531494914598,27.39199975082034,1,2
23,2,15,0.8693139240852299,22.29306994734761,1,2
16,1,14,40.38696432488359,36.678063774364325,0,0
7,0,14,18.898921661389295,25.042049475329513,1,1
16,5,17,15.267723374580461,38.89961319174017,1,2
5,2,3,17.645754968416067,29.5555757259813,0,0
20,5,29,38.32288596056942,39.16457245783964,0,0
6,3,24,6.210341001567682,36.47584057817658,1,1
21,3,5,44.581761052470625,29.136249776380335,0,0
8,5,17,13.133963119055453,36.92125588732471,0,0
4,6,47,23.800979110707715,22.01200544883987,1,1
8,4,34,38.9114574315919,30.64310695395359,1,2
20,5,45,13.273834157873498,33.79708354233354,0,0
13,1,39,25.366503225986296,35.18504444853407,1,2
10,2,17,2.5840639000501597,35.98105558732284,1,1
3,1,22,21.39413346700095,38.94942935113117,0,0
8,2,29,17.69915582197021,37.111816321866314,0,0
18,1,17,12.863511503837016,33.95873338995983,1,2
15,0,36,6.749465896238921,20.34756990830762,0,0
16,2,22,45.266720872029325,35.21426893095419,1,2
4,3,46,19.937064452043806,21.434913940888826,0,0
8,1,42,1.7555121534055806,26.68164765837607,0,0
0,1,13,25.191841924157654,37.521993014484536,1,1
12,3,4,43.9688575820242,28.18853884120797,1,2
9,4,1,47.607664617580326,37.701345628347305,1,2
17,2,49,31.838358821909996,31.334181582012206,1,2
3,3,42,36.191332411608705,32.37963706731833,0,0
17,6,35,0.7455186888268073,29.196827465120027,1,2
23,4,35,31.991445197219072,26.098131123361377,0,0
16,4,6,15.666294934823915,22.954727417776542,0,0
10,1,15,49.81810826027691,36.00376897169716,1,2
3,0,10,30.140643073248686,24.54272428719353,1,1
12,4,14,25.031712266530747,37.096545145498425,0,0
23,0,22,28.960056781789955,20.80612813135984,0,0
1,1,38,13.047495961551697,21.630662461263015,0,0
1,2,4,1.5903151387056558,37.69183247290508,1,1
4,3,38,47.99609174634016,20.326479571895636,1,2
20,4,38,4.086903787718982,36.08927286543707,1,2
1,4,35,45.66303602571125,34.64338955849419,1,1
9,6,21,32.8380913201429,36.800415527680286,1,2
21,1,7,38.51491035847993,29.10605194142454,0,0
13,5,14,46.05372812843957,22.260352472211036,0,0
3,2,44,26.25499275210441,30.991567612073304,0,0
0,0,2,42.55667278975013,25.90210674587009,1,1
11,1,9,25.746896696951143,36.942854382697696,0,0
21,1,38,16.278348691659883,36.34348856181629,0,0
23,2,47,7.309132165988302,39.502487888186764,1,2
0,4,21,42.058604955766924,34.230582167022575,0,0
9,6,21,2.1941863208226167,26.84449926156312,0,0
22,0,27,19.93995300717683,25.809014897330584,1,2
13,4,31,24.97249446133675,23.09221604534361,0,0
19,2,30,36.156489388077695,31.844075901231115,0,0
22,1,21,12.512996422404626,23.462502897475147,0,0
11,5,35,8.97474206716604,37.703860991256924,0,0
7,2,28,5.712229809512282,33.17907955606252,1,1
23,1,36,31.384011037824234,37.24250661944381,1,2
17,0,45,16.156869863335068,24.720074809962288,1,2
10,5,33,33.933561505578666,26.903377020708373,1,2
20,1,13,36.69407171033639,38.62177366673111,1,2
6,4,44,12.407268390446985,24.662481983003858,0,0
4,1,11,3.434001214049398,29.45835133518551,0,0
22,6,2,38.60315408747073,39.21745450630357,1,2
9,6,4,16.687142378809888,26.272392561034923,1,1
10,4,40,27.91015867418517,32.35334421180001,1,2
14,3,41,15.993730227166104,28.90736755394137,1,2
3,5,31,4.4065787991917125,31.629837503530275,1,1
9,4,25,42.23596466549795,35.49215680500278,0,0
2,2,32,42.61377812030885,34.1585322362931,1,1
2,0,43,1.361053903437448,22.115154478454123,0,0
14,4,9,15.036550429281025,37.429634199471096,0,0
18,6,33,34.46342513004247,24.180246355509418,0,0
20,5,32,11.190753124253838,20.598573131498284,0,0
7,3,39,35.64310893902606,25.823886663358696,0,0
13,6,2,3.438729574862631,27.972808016895122,1,1
22,3,32,34.85169199510408,21.927667019418074,0,0
0,2,25,35.15912913829454,30.983437057093006,0,0
2,4,37,47.455831684840035,36.17942993409841,0,0
20,0,37,29.826489359087244,39.3728374856047,1,2
21,6,1,9.877303098780455,37.499204548349354,0,0
18,3,7,41.303174223159075,25.573843088521954,1,2
20,6,48,34.494185646966514,26.27510191585653,0,0
2,0,11,19.35454134529206,35.873854495732665,1,1
6,2,5,41.290611819962955,33.3790112132549,0,0
6,1,7,30.29987277923487,24.01753540142331,0,0
3,0,32,46.00561929453054,31.986708136754103,1,2
0,0,32,28.715020456442257,24.131773418682016,1,1
16,0,3,8.854148040608372,31.640032237061053,0,0
10,5,29,46.95342848152937,21.399184521123026,0,0
1,5,32,9.032207695223033,21.305661231385706,0,0
0,0,49,47.14186141010403,39.08132683214505,0,0
9,0,49,18.892621440076308,29.924841629013002,1,1
22,0,32,33.826834140198315,26.478893963886424,1,2
23,4,40,45.400658363495964,28.755783252850726,1,2
7,4,49,22.120251047917954,21.382805801515108,0,0
18,0,14,3.4386263350613677,21.801884941041813,1,2
19,4,33,16.69650131024319,31.550634127779794,1,2
11,0,16,36.8085954466398,33.85666295437797,1,2
19,6,14,13.864706735878624,34.91938529975761,1,2
4,3,10,25.7768575693005,25.758983738027354,1,1
18,1,35,45.49909611604223,29.07893927479634,0,0
23,5,28,26.584999548478322,22.325377263818197,1,2
17,6,4,4.683496300751644,32.063667900771826,0,0
10,6,3,45.02735071764431,20.534746730079874,1,2
10,1,26,10.423565285291303,25.768687563940386,1,1
0,6,41,5.010478450983053,22.0120425096345,1,1
18,0,4,18.482199114984816,20.523148482634756,1,2
3,2,14,16.996517450784765,36.54468503648843,1,1
12,4,3,17.890365063128815,31.599681982036174,0,0
9,2,35,3.5760648128130623,30.83532525531969,0,0
4,5,20,29.135745740895658,35.00701254608205,0,0
13,5,33,3.8747486366816855,34.594459871785254,1,1
17,4,14,16.512729446632772,20.614633164962804,1,2
10,6,24,31.834357934578573,35.46650188552131,0,0
11,0,13,47.02601737054534,22.985246450097904,1,2
3,1,45,7.270334188276101,25.203880423918697,1,1
23,0,2,13.74666136891784,27.68097244906903,0,0
18,3,23,27.06033495331232,23.56783821496091,0,0
14,0,16,1.115709592995684,29.241639806246624,0,0
7,5,41,17.441490901746263,36.22475062970492,0,0
23,2,42,49.21172926291261,22.170652345987108,1,2
21,2,33,23.609543842680857,29.243944926234136,0,0
0,2,29,38.90733441004021,28.92967107695351,0,0
7,5,11,39.45690022326096,22.091137465816363,0,0
10,6,33,10.56038140549721,31.753525195238883,1,1
1,0,27,15.01592511057156,34.4549945247509,1,1
6,6,30,32.871833405138474,37.55952898106726,1,2
17,6,23,35.626516987893815,24.830664637200744,0,0
19,6,26,49.39070079482427,36.522676254543626,1,2
13,0,24,31.15438222169927,29.018755876250534,1,2
6,3,10,2.971175496291667,35.02402109477921,1,1
18,2,36,33.12329783437513,32.53269593450054,0,0
21,3,25,37.87986098206213,26.405254285233003,1,2
5,3,23,39.7161471175452,29.343052457062868,1,2
20,1,6,15.565458523755177,38.173218741778584,0,0
7,6,35,47.86809983931028,39.07873062622984,1,2
15,6,20,5.262778998126855,21.18165951931199,1,2
21,3,35,16.47551153962023,24.531177481289596,1,2
22,4,49,18.258630251474138,21.274755990838155,0,0
19,0,12,13.47569527169864,20.894249526302303,1,2
12,0,43,25.869608587800148,38.318056213086344,1,2
13,4,29,43.02044167927402,39.04597697008015,0,0
21,0,47,41.285831591276725,20.972127562123145,1,2
13,4,9,12.8132776179451,37.18958888912101,1,2
10,1,32,31.437268368966357,29.259992651146813,0,0
16,0,4,43.79372980867859,32.01934040841043,1,2
16,3,12,34.47300410833151,25.651558921121676,1,2
11,6,6,33.633901232827334,37.243788292457396,1,2
17,6,38,8.614018527135991,33.76863143328438,0,0
12,3,39,32.06385989462729,20.204244849694494,1,2
1,2,43,32.7353091459552,37.815764319797516,1,1
11,0,5,23.680489797823196,24.72489993321551,0,0
10,3,46,13.104329663379055,24.632117205467715,0,0
12,3,30,37.29736139893599,21.08403969616393,1,2
13,3,46,22.191169333075372,25.653709515347035,0,0
3,5,33,26.724516503917283,38.43273648039521,0,0
20,4,1,18.63499180167229,27.89346399356705,1,2
0,3,45,11.369030393912126,38.04919312711125,1,1
17,4,29,17.144518155499682,21.763894275715668,1,2
10,5,27,6.639717405226431,22.983240501181005,0,0
9,1,30,32.41592017681747,20.14720006082786,0,0
22,1,29,38.341643953838144,24.23683811962954,0,0
6,6,1,0.7172328676545214,26.089766044767238,0,0
19,6,38,32.945573337007666,21.208898965388926,0,0
14,2,15,9.14945777412089,39.64285316696213,1,2
4,5,17,32.44659418632044,20.78929103139614,0,0
19,1,5,24.167754909704044,25.158291478667707,0,0
2,0,33,45.17810752514621,31.272940822383017,1,2
23,1,3,7.079625448328591,34.9960493728879,0,0
13,2,37,39.987664867947466,20.32959545119085,1,2
8,0,2,36.57792853196211,20.19543651490236,0,0
3,5,22,0.7425252031479257,35.6031832177845,1,1
11,5,6,11.080549755490033,29.38759642634594,0,0
5,4,4,26.615683594906002,37.72263975538983,0,0
10,3,20,29.59382152994756,27.697437307977637,1,2
14,3,42,4.630545490630639,28.066631336070532,1,1
20,0,47,20.798645302702777,30.747385132813385,0,0
9,0,26,34.78164577670505,38.52980098350808,0,0
18,4,12,4.447718003329615,38.727834097863834,0,0
6,0,33,39.666351916213195,23.721998700490005,1,2
10,3,37,14.142621712532517,29.04762005866754,0,0
4,2,43,44.02288501060727,37.763010188693684,0,0
0,3,17,1.0864134518394353,28.645995848721896,0,0
22,5,15,5.058057971008168,26.918418774295237,1,2
22,4,41,10.744236473093633,23.99669830740246,0,0
3,1,27,23.33901442903363,39.84640190337326,0,0
0,4,16,7.439966179647955,35.82331716614101,1,1
5,6,47,43.339399801205275,38.13785319081187,1,2
12,1,43,28.155797367838098,22.819244483440542,0,0
12,4,36,33.37437004808746,26.838387709061596,0,0
0,0,7,22.14303467247466,28.912700972598124,0,0
15,3,4,47.60003358833897,22.20234960617626,1,2
7,2,17,33.70782028719776,20.742494475031542,1,2
20,6,41,13.64941487001387,38.90684478969774,1,2
17,1,12,9.38589471438685,35.515556837467734,1,2
1,6,41,29.87965074911602,27.113151946136306,1,1
20,1,6,27.813465237705,38.69260834666433,1,2
5,3,41,0.5300182198133885,22.433067878415642,1,1
18,0,47,35.7324437810743,26.16371629753364,0,0
18,3,9,43.51979318779232,31.346517652452924,0,0
8,3,48,26.55077613950266,34.37219165807488,1,2
18,5,35,34.79735618948887,35.59711620905311,1,2
17,5,21,10.92617280337495,22.777711806539628,1,2
3,2,8,47.73381572493719,27.03926939915809,0,0
15,0,20,45.50801411736156,37.8628515251002,0,0
11,1,47,26.380224948628545,22.08802150320777,1,2
19,5,44,30.467654767533325,24.526817632147846,0,0
3,5,46,33.47316771387214,31.03296898225384,1,1
17,3,25,15.57355532408648,32.61118936088699,1,2
19,5,24,23.915235141389935,27.11930389533071,0,0
3,5,35,33.509869217356666,21.381118586194205,1,1
1,0,14,14.82194451452899,30.523133231242884,0,0
9,0,24,4.541991205730084,21.360111388615422,1,1
10,3,32,8.235987778214938,28.914597465267875,1,1
20,6,38,25.24416502109278,24.548185870451906,0,0
4,6,3,20.667546971150593,26.324468310053035,1,1
0,4,44,48.55988230836316,35.94398333589036,1,1
22,3,3,28.93138795553946,27.587556627676165,0,0
22,1,44,46.992967440805316,26.926582987499298,1,2
14,0,27,5.914421181161505,36.730128430447735,0,0
16,5,40,9.090764287956892,37.67218866613467,0,0
10,3,24,21.167446325263406,20.661527415015954,0,0
0,1,35,46.13869086623907,24.03943022706374,0,0
6,6,19,40.94928944939969,28.92591471250881,0,0
20,3,47,45.57300270876873,39.321724830682946,1,2
5,6,42,23.03677946082383,20.827923971758835,1,1
21,1,38,0.35992696122846835,23.477442095485866,0,0
1,1,17,35.91875107976572,24.866228977970067,1,1
19,0,16,34.09213096702777,23.573508567108092,0,0
13,1,44,25.349670654014243,26.315277526343454,1,2
16,4,28,19.40888269770348,25.13921640888556,0,0
19,1,11,9.0564052406775,21.817738763026227,1,2
11,3,46,16.623687893552884,39.784519331386534,0,0
17,1,35,5.304983625889986,30.123057327841103,1,2
19,1,18,21.86331127185731,33.63867914786718,1,2
3,5,17,18.349587357580894,33.550669844935435,1,1
19,0,30,8.81441254069532,34.2411628088557,0,0
14,1,33,25.230729471711943,36.827783435376595,1,2
4,3,48,30.8153455046779,22.459119430369572,1,1
2,6,14,35.756630389485366,33.8824323764468,0,0
20,1,15,38.280029098155225,35.73233356232083,0,0
17,1,47,2.6214450428211302,26.351300358818843,1,2
0,3,20,14.542720128206305,29.88981269469482,1,1
4,5,49,33.94973812823191,22.750263569332443,1,1
6,6,16,10.326689805279043,38.42545759794607,1,1
13,4,9,48.915171528159576,21.20488207982242,0,0
14,5,21,0.8132675530830968,27.02513225147481,0,0
22,6,37,47.360086963742354,27.14108213208182,1,2
8,3,1,46.84646347801492,20.92151171048055,0,0
1,4,12,10.15350575847394,25.499044892320054,0,0
21,3,40,2.742497522938642,26.90103272208076,0,0
10,1,25,37.926646424813235,37.07581619619247,0,0
7,2,17,16.80437790937919,32.36505393970522,0,0
17,4,5,10.64049989444808,24.45933258165575,1,2
20,1,2,46.530173303875735,27.665269457760655,1,2
10,3,9,49.31988799543014,30.016103557653004,0,0
8,6,6,48.6192902202947,22.303367073318952,1,2
23,2,1,35.93006454655907,28.887141335032627,1,2
0,6,26,32.57138309069647,24.58088848634859,1,1
9,6,3,10.933527331700299,38.963181354203556,0,0
23,4,35,44.889919490011785,29.376109508626215,0,0
2,0,47,10.051488857001779,31.118206915723395,1,1
23,4,3,35.92777148009176,32.66143239392165,0,0
20,3,40,27.327091953292857,29.592215318743975,1,2
13,3,36,10.899979330888925,22.59823608852405,1,1
13,0,40,35.38689134879323,23.767103350041634,0,0
6,6,3,19.144540990689922,39.64414869082789,0,0
1,6,47,16.82108074943653,36.34038059080781,0,0
12,0,4,19.841752932060547,32.87575047518182,0,0
16,6,38,49.56490026772761,26.83190118029429,1,2
17,0,47,4.013755792385304,24.08736010649067,0,0
11,4,14,21.779203801056518,30.498844457923784,1,2
23,2,20,39.68169131940828,24.442689837534267,0,0
2,5,29,42.58295695769812,28.162932773277873,0,0
23,1,21,18.092134078127962,32.92070108727167,1,2
8,4,43,42.05605517427691,28.657346498873153,0,0
15,1,14,49.499800041862066,31.474398333126256,0,0
9,2,43,37.21800628115891,20.889278411217937,0,0
15,4,5,30.56196759937222,22.645459675422902,1,2
19,3,16,45.57578274261162,37.75246789849138,1,2
23,6,9,20.350012818133116,27.168058582596025,0,0
7,6,5,49.43012865359005,39.44970411538959,0,0
4,6,39,15.728581491038163,32.88045649636849,0,0
21,1,10,45.2853023807206,35.23844907275776,1,2
15,4,46,8.87390424598401,32.542673261780415,0,0
16,5,20,10.874290662646096,24.492448820727482,1,2
12,2,24,12.784493459852042,28.292918248109267,1,1
12,4,39,40.531348215863154,27.748262328800326,0,0
20,2,46,33.15719908239693,33.07163673383419,0,0
3,1,11,22.61710918791971,35.95581465765161,0,0
15,6,27,16.295424301019857,27.135168620551923,1,2
4,5,6,40.58714223177296,39.38699930044678,0,0
20,3,45,36.52851028831352,25.6090897783363,0,0
16,5,32,8.80951898651221,39.89908634381155,1,2
2,0,8,32.471337067755286,30.74900620618945,0,0
23,5,23,18.51836159315595,25.722359537683953,1,2
12,3,37,42.219255858155115,38.96948333038209,0,0
3,5,13,12.390027430497252,23.995188101910145,0,0
7,0,17,25.9994102941428,27.583211766277437,0,0
15,5,10,16.57541890055404,35.129101180702975,0,0
16,5,6,43.1861150231911,31.93361100913055,0,0
10,4,27,13.939287014486629,20.471267492666676,1,1
6,1,33,12.45255174979642,37.78737189989931,0,0
1,1,27,1.2433841337348484,32.36232932215558,0,0
23,2,12,40.854841261974585,26.69148729331014,1,2
18,5,39,47.40843699702317,39.846628652517325,1,2
17,1,37,9.487129385109666,27.698149241657642,1,2
0,6,20,9.341060027968329,29.714817083205908,1,1
12,3,15,20.067764929221365,38.51556005482532,1,2
12,4,37,1.2378459344819959,32.87625683509255,0,0
11,2,43,33.769620617725224,27.872207018455242,1,2
23,6,43,25.683987715822866,34.25968580029738,1,2
6,6,36,40.1470216375998,36.05779452740266,1,2
14,1,5,24.960229179226562,29.374138760270583,0,0
4,6,29,41.93937650123871,29.454063935611725,0,0
8,2,30,16.858337867938268,27.55872315131591,0,0
17,2,39,26.923417637701853,29.983505686165373,0,0
9,6,38,47.665452615661266,22.195053073763923,0,0
2,5,5,44.45291687887233,21.11787745319916,1,2
10,6,27,0.982023746916938,32.684400605958935,0,0
15,1,48,9.51708023880392,29.480956861698445,0,0
21,2,34,33.21083458152458,36.98566146809661,0,0
14,3,40,22.788679623588337,24.809518535332664,0,0
14,5,24,41.81645910545202,21.73053038532903,1,2
4,0,33,43.29810523242865,27.517117385312076,0,0
8,2,15,12.324572577111242,32.964318542846904,0,0
14,2,17,49.363230967999534,30.46264867075692,0,0
14,6,16,2.185753391064332,37.9961614176903,1,1
14,2,39,41.967591835148916,33.43276835170272,0,0
21,1,47,10.478458684555475,20.941335729635316,0,0
13,0,12,3.2223368980640044,36.70064718562766,0,0
22,1,37,27.20367782817805,28.77646917208122,0,0
17,1,38,44.41352014544865,39.76251193879334,1,2
13,5,23,30.5592210414311,31.14656134520469,1,2
10,0,36,49.50471855276865,28.767691587461506,1,2
11,2,18,9.80143510715058,35.48983422839754,0,0
17,6,36,5.672969604299266,32.37213036637586,1,2
20,6,38,29.91136026827313,24.735078175623862,1,2
4,4,25,1.8467049346398923,36.77475022424105,1,1
19,4,36,35.50014605279739,23.66236858874908,0,0
11,6,17,40.234106585893485,37.85493264173843,0,0
9,4,33,13.130904367967084,38.0214236873248,0,0
1,2,43,40.078535246171164,21.73411674050589,0,0
10,0,18,7.307520057805844,33.78779733776253,0,0
3,5,15,31.055438709890282,25.673427375183934,0,0
22,2,19,46.77859788519619,39.388746494402355,1,2
18,2,46,47.14028170535097,28.933991817775407,1,2
10,5,46,11.028959534763533,29.020520261453132,0,0
11,2,37,15.734894609496475,34.182209858787346,0,0
14,0,29,18.61409678626616,22.13337007924426,1,2
15,6,10,17.9913768313382,20.308587062992785,0,0
1,0,29,29.28976645305249,29.094179123878092,1,1
22,3,30,7.379409462152581,27.99951867829367,0,0
10,4,33,26.30239960726779,33.54292934559402,0,0
15,4,21,18.081386680555312,25.787446783375707,1,2
17,6,21,32.60196450726757,31.264609841231547,1,2
15,0,8,34.35827878748926,34.22228333222854,1,2
16,2,38,45.415105263602115,36.62225322228373,1,2
22,5,38,33.237715572613325,27.066255514621638,1,2
22,0,13,40.5337986316839,26.349488444869692,1,2
15,4,1,3.4063609988108756,26.539395158530517,0,0
21,2,24,26.677723097495647,31.388408332057107,1,2
16,0,8,3.2682585267132525,38.61203304816269,0,0
14,3,21,26.108821950249645,39.12886294663499,0,0
6,4,6,20.60844135355298,26.260128410649127,0,0
4,4,30,33.19812375357055,39.07983337856227,0,0
20,2,33,6.790125393544083,22.90194666979317,0,0
16,4,34,35.93317705525551,29.658979805067062,1,2
3,0,40,39.452616754853615,21.653163083870613,0,0
5,3,35,38.589879990604885,26.01091359664946,1,2
12,0,46,36.83981380943408,24.65565279540573,1,2
0,5,34,10.267943271739954,36.457612019294416,1,1
5,1,23,49.46441733572956,39.55815375746189,1,2
12,5,21,28.613858448284795,36.09379657269852,0,0
21,4,26,13.502454322091085,22.316035991062908,1,2
22,4,3,10.59081586665705,39.21592780093778,1,2
12,0,1,16.60050860417729,22.924103817669096,1,2
10,3,20,35.510135044396016,31.34810038054403,0,0
22,2,3,43.177042749565594,27.202345566776494,1,2
20,1,15,49.56421636964656,26.084792876452674,0,0
3,3,19,1.1421107414412712,39.609660790153384,0,0
12,4,19,6.2741424358630615,33.136035874782685,0,0
10,1,47,23.33645120405883,21.015424554469917,1,2
9,1,18,36.24785114291525,24.65128788990338,0,0
20,1,23,25.304045450269857,35.69358337534,0,0
22,6,8,18.303180009945457,34.38605555341606,0,0
14,4,23,39.78565277388096,22.775330943557435,0,0
14,2,34,45.31814419680013,21.511638621397356,1,2
4,0,4,39.57961847466949,35.67907718848834,0,0
6,6,34,13.508660464078359,30.043011035327627,0,0
6,4,13,2.7377881852162167,32.86063269573366,1,1
9,5,12,49.98031682978859,20.1918765438675,0,0
2,3,27,40.62785206671203,39.37281540177339,0,0
21,2,40,0.8408553310293221,23.675250448077268,1,2
19,2,40,44.022931714596126,25.415554495989575,1,2
7,0,4,20.64949227580961,21.136715017408054,1,1
11,6,20,47.16417915866333,30.77767546235009,1,2
0,2,28,11.217895021801477,35.421026021485424,1,1
5,4,23,4.537852539253312,38.134758855070956,0,0
13,4,12,33.956624731801654,28.10560445367355,1,2
22,1,2,28.908607786636164,33.6456695482222,0,0
17,4,42,35.76435999703795,33.48247884232055,0,0
23,3,9,22.277647776772813,25.832852037336455,0,0
13,3,16,33.54457285644785,24.65522815184726,0,0
11,2,25,40.337361016651926,37.24038891977837,1,2
21,1,43,42.04450470587576,30.287946876012242,0,0
16,3,1,30.003457467672906,38.66854664067222,0,0
2,4,5,42.91228108915368,39.85764976449707,0,0
16,4,35,26.15613311952224,34.95564105917431,0,0
2,0,48,28.09556121457723,31.965468043736426,1,1
16,4,6,19.02896978134577,39.21861259982198,1,2
5,4,45,39.17923691226864,20.158885585835698,0,0
11,2,10,48.619103604849414,39.94684277455713,1,2
7,5,1,23.239873915407074,33.39560712548743,1,1
0,2,11,35.38269569160873,34.171447894196476,0,0
11,5,20,37.51070248834336,37.98818819997061,0,0
11,6,47,1.0964921165430075,26.707389654024915,1,1
4,1,6,28.142089970233002,25.34769604863621,0,0
21,1,31,41.822231264471064,34.30655343123834,0,0
16,2,26,2.562255096385341,36.39444739846524,0,0
13,4,22,38.41528839339393,31.50076458627041,0,0
16,5,17,49.780665567417756,26.34600688266493,0,0
2,3,35,2.300627914926862,38.92344806901689,1,1
22,6,39,0.5220655554059261,26.332219170422732,1,2
9,3,48,18.813418509836122,38.127514710099675,1,1
1,5,42,47.10732546827125,39.95787226941163,1,2
9,4,12,17.412056501487687,22.510471691686085,1,1
19,5,5,8.862903404164152,39.275118128508765,1,2
6,0,33,6.419083106018636,24.36607777020747,0,0
0,0,23,19.804180424152335,32.73417581589314,1,1
0,2,1,10.660627122131771,20.739833533581976,1,1
19,2,47,7.344781214743051,34.36867807058023,0,0
7,3,7,40.56139182622504,38.50530421004902,1,2
15,1,8,0.07638669443169044,32.907089988087165,1,1
2,0,5,1.297230993370374,33.3801401028972,0,0
16,2,38,5.0668903329971755,25.330483420180464,1,2
5,0,6,21.233596190007383,32.68579929481447,1,1
3,1,24,30.690594442930685,22.950139440493533,0,0
14,6,21,31.534334933689312,30.964521039159308,1,2
22,0,15,8.093392565667934,26.35276738572322,0,0
18,1,22,12.962209144828012,30.01944049964406,1,2
9,1,13,43.55778976455989,36.99949291731876,1,2
20,2,11,16.373192044470724,29.04782576892897,1,2
18,0,40,47.005102035356245,22.90324944551191,1,2
11,6,48,47.741719643513456,33.259886665020005,1,2
19,1,20,40.56869967812216,39.03426134611878,0,0
15,6,39,34.21742303780061,25.304453378476772,1,2
18,6,31,48.08703783145676,33.232170459950844,1,2
2,0,6,10.430325081238944,20.14698800502247,1,1
7,6,46,13.290572579697896,35.83995277403258,1,1
21,4,12,0.18670725967943058,21.535981746376645,0,0
17,2,35,44.364268482445574,24.21966035304536,0,0
21,2,23,27.50223886924068,31.700682057714154,0,0
2,3,14,5.264469937365241,38.36612284479391,1,1
4,3,7,4.979968447738853,39.094201885635364,1,1
6,2,5,45.984473821186874,25.730626872028697,0,0
17,2,13,23.034234478462935,24.965651336119134,0,0
1,1,49,35.54340433792591,29.273224756403977,1,1
4,0,40,46.58514794212279,38.8040505934197,1,2
23,2,23,43.99851249367765,35.03720067311129,1,2
6,3,35,2.730619335489065,39.491480168146225,1,1
5,6,32,40.13863615964145,38.24607330036846,0,0
7,3,39,4.944632647500785,29.872051683633444,0,0
4,1,38,46.055305115685044,32.94816007572729,1,2
1,6,47,13.26381490668323,22.44401660738211,0,0
0,1,2,15.593044018864699,31.390766054299775,1,1
7,4,20,21.15142262553916,38.770890239289635,1,1
10,4,27,2.816555831164036,39.2778311723193,1,1
19,0,42,33.183030167985684,36.43458418246059,0,0
9,0,13,42.53878376057991,27.93779975713143,0,0
12,3,6,11.098208518703789,38.63177089124872,1,1
1,6,14,31.9418123864543,35.079558402563705,0,0
16,4,40,27.663613380799873,26.404638367204505,0,0
15,5,46,31.05857926823167,29.64521738607499,0,0
4,1,23,33.335053189245215,37.81769125663888,0,0
5,0,42,16.954928381905837,29.824229729500566,1,1
23,3,39,34.70547916016451,38.15173940294488,0,0
5,2,4,41.985846921413234,25.73792799931492,1,2
22,0,35,6.213786543693472,31.71562257198149,1,2
6,1,39,32.3748585644804,27.767230965722632,1,2
8,0,37,39.06934523827867,33.81883542406291,0,0
1,0,45,19.428805843499863,25.959401340080355,1,1
16,2,44,0.04407679054415636,24.476998781200248,1,1
16,3,23,44.85262010202519,20.67813753915033,1,2
22,6,32,22.22406107613334,38.14665830358129,0,0
10,2,29,47.3652804645653,39.76496011811227,0,0
21,1,14,28.63776727753884,32.13819377449915,1,2
16,3,46,37.59239201456216,30.439018324394773,1,2
14,2,27,43.394105093884065,26.600616992515885,1,2
2,5,46,29.90111106834643,27.52959416140368,1,1
7,3,41,22.18456920079024,37.8431344889801,1,1
5,2,26,6.539737665652401,39.038842002061045,0,0
18,0,13,3.7085697281140972,29.7468721550775,1,2
3,6,3,8.53046999775512,29.108469736409244,0,0
20,0,26,27.76202230118241,30.746206063917747,1,2
16,1,42,1.3701379558378024,29.555817674069722,1,1
17,5,9,48.01071762013054,24.066758843365896,0,0
15,1,41,31.97278961970833,25.160362822169642,1,2
12,0,47,39.384081498282974,31.757513324837582,0,0
21,4,25,28.998932570570968,21.419475319935223,1,2
20,0,30,24.0421716553477,31.214062957577745,1,2
9,3,13,26.6950360269381,23.449830596969367,0,0
8,1,34,47.884811593377,33.82250301717511,1,2
3,2,24,16.52278061459571,27.54761906804263,0,0
21,3,10,38.59634573029526,31.831939384329825,1,2
23,6,33,36.09645760462331,35.8987628703739,1,2
17,3,26,21.351743260683865,32.02134162810862,1,2
23,3,17,41.60653350749534,23.68486922316888,1,2
7,3,21,41.20606068067206,28.310791087457044,0,0
16,1,42,2.8882106240118666,24.06988685983133,1,2
10,5,33,28.9240111693947,31.418966281811915,0,0
15,3,41,10.370055764900354,37.06936366938156,0,0
1,2,46,49.87278755742686,39.590751254922615,0,0
20,5,31,18.315424939461124,31.75499777089877,0,0
5,3,25,27.026890651174785,26.929217741667046,1,1
23,5,33,44.25380551347596,26.366556915396572,1,2
11,5,44,34.49142614587342,30.683469293513046,0,0
18,3,2,26.059945231148717,39.10097673809868,0,0
2,3,37,39.4574242795545,30.633528445353377,1,1
15,2,17,7.197388730128634,36.116189667693085,0,0
1,5,11,30.03087592914247,28.801413302744287,1,1
17,4,20,1.6461116975537926,37.806387848894985,0,0
22,3,48,0.6678682080732135,31.94580634472083,0,0
13,6,13,14.802766508637404,32.87653412110287,0,0
18,6,26,1.4502939128960612,22.88911323292546,1,2
15,5,42,2.0193991004202214,25.730859220992205,1,1
8,1,49,27.628539674681225,38.28326150844467,1,2
19,4,31,13.231459799511308,34.57467822784781,1,2
16,3,17,14.250231311678558,22.29503798849603,1,2
11,4,4,13.622818552887722,36.99421534354629,0,0
9,1,48,40.776261028498446,20.76473923118901,1,2
17,6,8,35.084038746639514,26.673423519040277,1,2
11,6,21,1.4032087195887166,29.72676122742978,1,1
17,3,6,25.9440363617571,24.498840983365127,1,2
23,4,43,12.854786318539723,33.43007147784148,0,0
16,0,37,43.54299035359715,34.65251840596936,0,0
1,5,30,6.536801385887308,29.38167393276692,1,1
13,2,26,5.141287307682818,35.81936363119725,1,1
0,5,7,35.42755872228609,39.22485665891251,1,1
12,3,48,41.03311436104893,37.31532452561841,1,2
0,3,24,22.072493131503794,33.844244114503496,1,1
5,0,8,32.140888767954614,35.248830040230885,0,0
11,4,21,3.405856484680042,27.73838991781861,1,1
4,0,43,15.815158174336624,21.21697865295494,0,0
18,3,34,5.4748476546831455,27.33133870836911,0,0
3,2,19,19.654137882962196,20.780999712261302,1,1
13,3,42,7.940139944095642,32.86374440829523,0,0
22,4,18,17.3440317779254,28.65884988049116,0,0
14,1,5,36.1819596073696,21.667126663824735,0,0
4,5,35,17.23167299647902,31.08736803962836,0,0
8,3,47,2.6485081492176543,29.615102622305635,0,0
7,4,45,13.046326175285012,21.108957931796464,1,1
7,0,3,49.63615421705397,27.72183654957257,1,2
1,1,43,4.2183867104317425,38.0235984074271,0,0
7,4,43,43.11051388276865,31.38952510881854,1,2
18,4,8,34.51626128470835,25.028744151180256,1,2
17,5,17,44.56002767595308,27.31530099248586,0,0
23,1,44,46.722364283908895,22.63006191606968,1,2
2,6,14,40.07045322010889,21.457787969834058,1,1
2,3,24,20.43085641766234,22.213565120362976,0,0
5,5,17,49.879277268280845,23.487189689057455,0,0
16,3,3,6.200316325222177,26.55258921016051,1,2
5,1,22,11.564799708261726,38.881385564810934,0,0
5,4,14,36.18418285155563,26.84250686528003,0,0
14,3,46,30.285628606143923,21.849955152723513,0,0
18,5,15,42.00680500853989,34.893970074224804,1,2
4,2,5,45.219849699144454,22.004183587906148,1,2
0,4,33,17.26000374833711,39.19098734998511,1,1
1,6,29,20.02874907257653,39.526158866866695,0,0
21,2,14,47.396839399801365,32.42193996786141,1,2
17,2,35,14.327067957746225,34.8364706677594,1,2
13,4,36,23.616920638000543,30.517729009986766,0,0
3,6,44,20.941500092179048,30.91209938854041,1,1
21,6,16,24.833474106118658,24.542891123205067,1,2
1,5,17,45.25381766266896,35.71231758698591,0,0
5,6,37,30.615929130544917,21.18691148077612,0,0
0,5,10,4.777346760283607,24.483453420629907,1,1
22,1,16,32.011833449273766,36.826950677747064,1,2
23,5,48,35.75515146078235,28.051201496360786,0,0
18,0,12,1.6068860884058511,37.68901124887094,0,0
5,6,9,35.79562104504304,28.737948221215674,1,2
2,2,18,8.237783060580139,26.77002740958609,0,0
3,1,19,47.62040778723066,33.12363835815823,0,0
17,4,12,5.6273651509766704,27.634828275457714,0,0
15,5,48,1.1935174740897059,31.234453769276175,0,0
1,3,1,1.795110547614065,25.71601432155822,0,0
4,5,27,18.36474236471502,29.590560963413495,1,1
2,4,36,41.782764276544256,24.589849326806647,0,0
1,6,39,36.20507334457185,28.485251284034668,1,1
22,3,17,27.421418261182563,28.879206835917863,1,2
13,3,42,33.61803877316218,20.172723782516634,0,0
17,6,15,43.24179645890058,34.331629991301476,1,2
2,0,14,16.59586946541709,27.400586734988266,1,1
18,6,35,4.231352157826396,26.45711479037964,1,2
6,6,27,15.661486845155126,29.202966033788453,1,1
23,2,22,42.94115356098519,24.862532380816177,1,2
11,3,27,7.377951873063282,34.706027794805095,0,0
16,4,25,29.216630733327975,37.67803888374614,1,2
22,0,26,42.22010172721977,33.44071505961534,0,0
9,2,15,29.861646321346143,35.30898588489928,1,2
17,0,38,39.9873410070792,21.93660059784269,1,2
22,3,21,13.901730965622432,24.52045323750357,1,2
12,3,14,37.42398725677299,35.125321553105294,1,2
23,5,14,48.80630329430106,26.81769964254861,1,2
14,5,10,16.851545604150463,33.41637319943669,1,2
23,5,29,1.2124920527698202,23.7190644185122,1,2
14,0,43,14.636112141153056,32.923912297736706,0,0
9,6,38,30.872374020375958,27.90283038377104,0,0
9,4,6,35.768816049244315,39.50907834620669,0,0
10,1,45,25.321618831212533,36.15433035762362,1,2
17,0,47,19.34284213358123,38.16728210347604,1,2
6,3,14,16.178130796827013,20.527467285319606,1,1
22,0,29,19.20461377068396,35.959506506332055,1,2
15,3,30,26.96463391650767,23.299237973902695,1,2
17,0,38,20.82163874695302,34.10732374563146,1,2
6,3,32,16.390989268680933,32.06620671382171,0,0
9,4,1,32.32111130935408,37.26497484415821,0,0
5,0,23,34.93598437327462,35.65344894997438,1,1
12,0,47,37.05209920425849,35.075146279132035,0,0
13,1,35,36.41136410921633,24.782149894256968,1,2
11,4,20,21.397483745159896,23.68984181646786,1,2
13,6,22,12.106116599030154,30.59666199234509,0,0
9,2,47,15.729808103457554,27.043689632512763,0,0
18,6,46,10.25487093497448,22.678127896215127,0,0
2,0,6,7.668871679869826,21.66403242158968,1,1
12,6,26,13.785554541709327,37.9319029289585,0,0
17,5,7,37.24551327691834,39.881741102571574,0,0
12,6,7,3.5636206724023567,39.495721667415864,1,1
3,1,16,34.49038982249484,37.64174151329232,0,0
17,0,22,37.126626160638686,24.441214188595907,1,2
17,5,12,46.77275900495293,26.52283691899081,1,2
9,0,15,18.360563407722726,24.08866319803544,0,0
0,3,46,7.372266068445244,20.212729458563203,1,1
19,1,8,24.650368196146022,39.58831309989189,1,2
13,4,6,27.250995104568116,34.395112714046476,0,0
5,0,3,49.525909094299955,23.855694243498586,0,0
12,6,39,3.0745047555680416,21.625098171523042,1,1
10,1,23,38.92043773601909,28.90331564003417,0,0
10,1,24,47.80307223377876,31.700817936031413,0,0
3,3,25,33.51225331370842,34.21517226436582,0,0
0,1,13,43.96510275246136,34.5202907451313,0,0
2,1,35,18.71541913985284,34.06766779932072,0,0
19,1,9,10.609526122881386,29.534447751937947,0,0
6,2,24,38.07143349800006,21.918803648994512,1,2
4,5,8,28.1793995387667,35.1637548611412,1,1
6,4,17,0.07570880214125553,29.437272587995928,1,1
23,2,19,6.895925411598602,36.66351428204929,0,0
23,1,29,39.73223631409486,31.720881864809588,1,2
11,0,26,45.14740926411741,36.6018792700958,0,0
13,4,32,2.9044155693055904,20.667908586070528,0,0
11,6,13,16.625695142727892,28.82943954188552,0,0
0,4,48,11.359677954586095,23.589417144145163,1,1
19,6,9,0.27816714295264555,25.411017974023654,0,0
17,6,16,34.30492016415571,28.989493517398174,1,2
5,2,43,46.47448401049101,25.92903967980091,0,0
6,4,7,17.10405826043352,26.34681594389771,1,1
16,6,40,45.25050064882371,24.12707420723327,0,0
2,3,6,10.126234597450278,28.24978980500081,0,0
1,1,19,30.96099053516906,20.84591392344706,0,0
22,1,40,48.43975177874004,33.84685351703621,0,0
8,2,2,23.447877358158248,38.135322824404724,0,0
12,4,10,15.564128685213952,29.02877578533932,1,2
4,2,24,38.51621040450399,22.553317717825728,1,2
22,5,3,14.051759277679826,35.36360708463735,1,2
2,2,37,46.989100659056184,25.98745012611031,1,2
18,2,9,8.812848732706058,29.487395768201253,1,2
8,4,8,41.582586490507715,37.43456084303499,1,2
16,5,22,25.967666237027597,26.540528529870336,1,2
21,0,43,3.490485618459166,28.760608146341383,1,2
9,6,41,10.44092753177241,34.44072188572423,1,1
3,1,42,42.49198841380216,33.95381777633425,0,0
8,5,17,4.653099856118908,36.09468631845447,0,0
7,1,35,6.218900191869831,24.270044912323243,1,1
19,0,35,49.10432209205519,33.42582082785943,1,2
21,3,38,2.364131507478151,38.97327071211566,1,2
0,2,38,40.48490256040165,24.30802611502953,1,1
5,4,27,0.20590057435119213,34.26780676891062,1,1
15,3,33,24.332360768591123,37.67392117951988,0,0
20,3,1,35.09367753916426,32.605464580898264,0,0
2,2,8,23.2490242742558,21.505507374304372,1,1
6,6,44,32.978338462932705,31.107984655003705,0,0
22,0,40,16.81353387310774,34.40363077596592,0,0
8,3,27,21.225192551983408,38.174987166323085,0,0
15,3,41,28.556280003905414,24.448294278590776,1,2
20,6,15,49.01045171953985,36.58583040787669,0,0
22,4,27,11.597488271460083,26.9115812526673,0,0
15,3,1,35.74286385917308,20.57475629338797,0,0
16,3,43,42.76976559618127,22.57043493228909,1,2
8,0,48,3.9710808120357823,37.30102786546238,1,1
22,6,42,0.011378528476108096,28.520842818320144,1,2
10,5,8,10.342650371479568,37.07411303922834,0,0
15,5,17,29.760319939872232,38.53349080349994,0,0
12,0,30,24.210083409906225,23.956557251558962,1,2
13,2,19,9.256156102150491,31.247921592162065,0,0
15,3,42,34.09574219984392,34.47622532275757,1,2
5,4,3,4.805342248979416,30.494108186570745,1,1
5,3,13,9.026007239784734,25.458871534028653,0,0
4,5,7,34.603323466815496,25.781994651606635,0,0
15,5,3,35.0070394231522,33.08076785288833,1,2
14,2,16,7.130650351723572,38.50890886218912,0,0
15,5,1,38.11998035342274,37.94372527030478,1,2
14,6,46,2.2285530401021045,36.80693899025522,0,0
2,5,40,27.474609876969936,32.1002785794477,0,0
17,6,8,10.539780614357047,33.31577168549412,0,0
7,3,9,21.31297742288682,31.978378231132297,1,1
22,5,36,8.110698743800032,21.317108313757025,1,2
9,1,27,28.15961787116224,28.519495016255476,1,2
7,3,20,15.193509390579003,27.528089903023186,1,1
2,5,12,6.624131276372958,35.15525264179316,0,0
23,4,6,22.376879830256346,34.63712802625543,1,2
17,2,5,37.6164483204248,36.28760015836531,1,2
6,3,36,40.98267960817358,36.6188347181961,1,2
18,1,15,9.614601994514754,21.269955786895963,0,0
12,3,19,23.404360356254678,26.568803572060027,0,0
14,0,2,42.3219417659685,27.4014527938327,0,0
6,1,21,35.89605603790607,28.31524172988,0,0
21,6,7,3.611741542688851,30.05697983100073,0,0
2,4,2,10.89326184541114,33.74782599000697,1,1
13,0,31,3.0369184455243503,35.02599385678275,0,0
19,4,24,24.32548230088057,38.35273652574033,0,0
17,5,21,37.677772493301426,21.757909576223867,1,2
5,1,29,34.519967538051965,24.878374802834102,1,1
3,5,19,41.41347273530434,27.22438330828738,0,0
2,1,2,2.1649219043292254,36.61787385613965,0,0
21,2,8,24.00034772052983,30.364344653218104,0,0
15,2,1,28.874772471483094,26.115103495962593,1,2
15,4,28,43.01677429179803,36.69043441454753,1,2
6,2,23,1.5930463602849554,30.90868584455125,0,0
21,0,33,6.981141761491738,24.197517737715586,1,2
7,0,29,20.499316705717114,23.974876646999306,1,1
19,0,49,31.605479410451498,26.767389880528835,0,0
9,1,10,22.449466016740043,38.35237614870934,0,0
16,2,30,23.747243970829825,35.78592241879341,0,0
11,5,48,10.23759127599777,24.338170851260152,1,1
8,5,1,35.48258013218765,35.92304638843316,1,2
3,4,36,25.091651078943283,33.824882546981826,0,0
11,5,10,23.50966841175744,24.90457747655656,1,2
9,6,25,2.8979267832383524,32.59399292851322,0,0
17,6,29,49.62197471857008,29.968798452925647,0,0
20,6,23,25.98578758411761,29.34655644861994,0,0
4,3,29,35.53675278596814,32.90460245217178,1,1
14,5,7,28.685759850264187,32.111294975440956,0,0
12,0,4,48.58587257268785,24.534894257901257,1,2
7,4,12,39.27088719874429,22.921249770300776,0,0
14,6,42,29.31743295336602,22.84601604219369,0,0
16,1,34,5.8873731770440525,26.57888039098746,0,0
12,0,1,29.71997361275957,33.97247606040253,0,0
23,0,25,38.85357598249814,31.703301851841896,1,2
0,0,27,25.704465120142306,20.664551751800673,0,0
13,0,39,19.525755514516383,23.791424589385834,0,0
1,3,43,32.64597440467244,26.31963889700572,0,0
19,3,28,13.646459751924233,26.04749025228657,0,0
13,1,27,20.53146024026884,28.846224026373726,0,0
7,6,12,1.0557117767455104,22.799768057423147,0,0
16,0,30,36.41862060409376,33.62206550013116,1,2
1,2,8,27.679830817957424,29.087609512434636,1,1
17,4,37,0.556441138471303,26.235896520726453,1,2
11,0,32,42.11575410821406,36.517344133600794,0,0
2,2,47,37.97735283498082,36.14738912538975,0,0
22,3,10,41.726369325496066,37.5188603680248,1,2
7,1,11,24.98175967008628,23.243222048975905,1,1
15,2,25,49.76453154098963,35.73667337843858,1,2
13,1,31,38.63286602098543,33.15720210955809,1,2
2,1,21,28.995656649716615,37.47285050585326,0,0
12,4,23,46.47965753298104,22.317628395085308,1,2
1,0,5,43.40311912748654,33.47954712023048,1,1
7,2,26,34.78515835002768,31.639631768618703,1,2
0,6,33,34.65953240729054,26.730778847005546,0,0
6,6,47,47.695512709771606,25.973166943072584,1,2
12,5,45,37.17953103985361,24.114296381232627,0,0
7,2,49,21.598259552294085,27.89370424364244,0,0
12,5,19,11.929731020868084,39.75669287316751,0,0
0,3,40,33.96729242542451,30.147562400228963,0,0
4,6,23,16.609553529908382,22.68249383145196,1,1
23,0,8,11.836586150140116,32.92871415519849,1,2
10,4,40,47.64860667618833,26.42776358182782,1,2
20,1,39,14.844469396069837,34.388967854330616,1,2
18,4,10,2.9252411764308817,36.012189840733775,1,2
2,1,44,31.913305327173525,25.515233157304856,0,0
7,1,30,37.86393359284535,34.04359990606078,1,2
12,0,21,31.941043378219412,35.10134460902777,1,2
15,0,1,24.042974147945056,33.150885339630534,1,2
1,0,46,7.627611486287606,28.171993771213828,1,1
16,0,2,11.378895158532837,37.452465361737566,1,2
15,2,2,28.12613223510584,26.91435683513783,0,0
22,5,36,43.79551856066672,22.48741608103905,1,2
4,2,2,47.40454778188736,26.158188126670215,1,2
10,1,16,44.731017788297365,27.9225037943583,1,2
20,6,22,2.0122242893490405,23.70195380236596,0,0
15,5,24,4.312642848230752,31.3778581038534,0,0
18,3,15,45.91214426192305,30.03712469957544,1,2
8,0,47,5.903858544000218,34.7214803559837,1,1
4,2,28,27.915654081764963,39.54500361302385,1,1
13,0,9,33.036079058883935,34.6393395759459,0,0
21,2,19,1.6977619156846868,21.52733864552326,0,0
22,0,44,26.55101682889927,31.65506438650626,0,0
9,4,4,42.21156736034432,24.42029075751981,1,2
5,1,30,33.78695242869429,36.446860454149316,1,1
22,6,42,36.77445079985651,30.765230047741944,1,2
17,3,29,18.07763959560643,30.424833574289565,1,2
0,5,35,39.7937275607399,30.779832148682452,1,1
0,5,35,5.405700972504618,39.90650105324595,1,1
10,0,12,34.287360268544184,35.338481455219366,0,0
23,0,16,30.512746390607827,26.025225177724334,0,0
21,5,11,28.82822837637376,30.892846356588432,0,0
2,1,31,25.168883682926435,27.33762210351135,1,1
3,1,13,20.83938699058905,27.16718527253366,1,1
10,1,1,28.214563589286513,31.039405359783956,1,2
1,3,49,3.79470411587835,30.697260099689807,0,0
12,4,10,9.748843157521026,33.104140942930364,1,1
12,4,3,32.65965544637318,25.3254235925373,1,2
9,1,47,43.790953444756745,39.34695655347201,1,2
15,3,35,39.333177331821055,22.143519848250072,0,0
22,4,38,47.78798183818229,28.01913948968761,0,0
21,2,39,36.46133851990258,24.30204981706702,0,0
18,0,43,44.232391890917214,37.697375105106374,0,0
2,4,33,20.107741948747815,28.105421293286113,0,0
16,4,41,20.14120326915021,26.906169922066155,1,2
5,2,25,6.055428781523298,24.353727632601743,0,0
17,3,19,41.32772349143397,20.11271854226151,0,0
22,3,6,8.757335395533627,31.081440189251445,0,0
6,4,47,39.4086039157117,27.407866233399723,0,0
6,1,13,31.142885015798317,33.63110016910309,1,1
3,2,33,42.05089691666169,20.17521235049771,1,2
17,2,43,8.495803822122628,20.058659205624966,1,2
8,5,13,26.23061119287076,32.12754462986321,0,0
7,0,28,7.30612951179534,31.40188267268976,0,0
8,3,45,47.96844532447489,38.91899907592523,0,0
8,3,7,8.438322971868095,24.20161884028415,0,0
1,0,27,47.545912321708634,21.04364549220779,0,0
10,5,17,32.9721729659556,29.469839836049722,1,2
3,2,15,36.541516731557806,28.59449627995943,1,1
23,2,6,22.73283070906855,30.689978875870978,0,0
2,6,44,12.876025207110715,37.44885558918151,0,0
10,1,40,3.7856218545130496,36.72266942128833,1,1
17,2,17,3.688451778362972,32.90427457161896,0,0
18,5,2,1.9627916132689938,35.5974660953149,0,0
17,6,28,34.20025634250597,37.049341427322815,0,0
3,3,40,2.1394491247959335,32.47843218833606,0,0
6,3,4,5.244517825957601,29.65313878977703,1,1
1,3,18,17.411424348507797,33.07197037401322,1,1
5,1,16,43.966959926850144,29.55424100821798,1,2
17,6,14,23.98998776398132,34.68593216399708,0,0
14,4,3,24.485070633488803,31.315614629723704,1,2
11,5,45,42.8951150349051,32.64016770241062,0,0
11,6,42,17.383556558367363,31.387707483521726,1,2
11,5,31,3.1127084583099984,32.76040096213528,0,0
4,6,35,30.514291780643283,39.71859876824417,0,0
12,3,48,12.289465179322063,36.9803943878087,0,0
14,5,9,15.898108791038117,22.215931629532893,0,0
5,3,41,35.49018676468537,29.613221264985462,0,0
18,0,5,48.290708262798724,23.924340980752262,0,0
7,4,23,49.71898789784542,36.02466783354908,0,0
1,3,46,27.792004458945435,21.94888833720165,0,0
1,5,27,25.178345827801262,23.673593181405522,1,1
15,0,44,33.75142345888206,24.917415926638576,1,2
5,4,11,43.528196519922886,23.54338344802749,0,0
21,6,4,12.518640439846585,29.478693844226434,1,2
9,1,39,18.542370752854794,26.060061098859954,1,1
8,3,27,12.605960732315303,36.37013067044021,1,1
18,3,24,14.046470089873148,33.03190623594527,1,2
9,6,10,19.819136628404888,20.065328356365114,1,1
23,6,39,38.31993204445837,32.93237749490269,1,2
6,4,43,41.927903635565166,37.49512143851018,1,2
9,1,3,44.606317733490336,31.570245296863487,0,0
16,1,2,47.7584335094241,28.646989856824245,0,0
13,3,28,12.095598392445511,36.48498608710639,0,0
12,2,8,7.716945251747854,25.00621704849965,0,0
4,0,22,0.19237499047000672,28.111201397655282,1,1
7,1,6,36.9234470012118,32.492586648045645,1,2
10,0,31,33.677304471138385,39.74826039127164,0,0
5,5,3,40.60916874854675,22.954649852888856,0,0
17,0,28,28.336178462287315,23.587970027163237,0,0
8,6,3,42.351317337505314,36.10260808136932,0,0
21,3,42,0.048768434463392074,39.027616161334834,0,0
13,4,8,13.72682446331085,25.227839000942627,1,2
13,3,17,9.359963097698348,23.327876582813396,0,0
22,6,28,25.813872134769372,23.94126051293235,1,2
4,0,19,16.701089361742905,35.97629004567676,1,1
14,0,35,45.92620206132095,24.318145296168428,1,2
14,1,29,20.773777910215014,33.54041328073634,0,0
6,0,34,17.41392614966922,26.38990743398851,1,1
4,1,39,5.119939174720944,20.781041568545863,0,0
17,4,44,48.07044387472422,28.573827657838557,0,0
6,0,6,15.27350355794127,32.86362041967313,0,0
2,1,34,10.87041795145643,28.588421449658263,1,1
0,3,33,16.743125437807315,39.575568099281625,1,1
3,6,47,7.1407105856110045,32.24225650227211,0,0
12,3,16,15.190103564927092,38.2000291628202,0,0
4,5,41,10.142183948769123,35.76568174146824,1,1
0,0,34,48.47061655738437,30.24458675086217,0,0
12,1,42,2.942712397262026,20.6888257497924,0,0
8,3,31,5.795350373562452,38.852326611132895,0,0
18,6,14,29.524321774880313,28.5238553889352,1,2
9,3,22,14.351973464851724,39.73894286695892,0,0
2,1,23,32.370656252727414,25.929769601643304,0,0
14,3,16,12.786604945578862,21.55965254403052,0,0
1,3,47,2.543285516461946,24.164508846237343,0,0
10,1,7,26.171277510704428,32.81357223646892,0,0
22,1,11,35.707738847603856,21.8086456256636,1,2
6,1,23,15.846057668779295,33.65091717037792,1,1
23,0,23,32.67027135300099,23.83988138053794,1,2
15,1,25,27.339642422206957,29.167440216212157,1,2
5,4,15,41.962093761937716,34.5689391476273,1,2
21,1,44,44.98926652886412,25.63419852020587,0,0
22,2,2,4.785125177162319,24.336949925973588,0,0
20,5,19,15.89106753090596,34.220065051380885,0,0
19,0,3,24.781607737813538,33.63016580472967,1,2
9,4,23,33.92483472860696,30.594759627471376,1,2
21,1,5,5.713579110280564,27.353117152014494,1,2
19,3,38,40.606527148220806,20.464937114902845,0,0
22,6,10,49.6241305388546,25.93958969304947,1,2
16,5,14,2.9973293785897526,36.04390868968527,1,2
7,3,21,4.902600494466903,31.038616269284567,1,1
9,0,24,45.299889488367505,25.62089587470118,0,0
16,6,30,31.668040016139525,22.086130065252135,1,2
9,5,38,41.89090504581456,38.94475154376536,1,2
12,2,13,45.74668087769564,20.647211858076982,1,2
14,3,11,14.045372050599525,31.76113106873679,1,2
21,6,23,2.701991331435305,20.56176858500387,0,0
4,0,22,47.88085195372742,23.063692940031512,1,2
10,1,46,2.72731004461832,29.723503762008132,0,0
3,5,29,9.403879661395997,30.00597667898852,1,1
0,5,25,5.511282992047095,20.368248547620137,0,0
22,1,2,46.01818436057304,26.659150498014764,1,2
14,4,1,49.33974485056469,32.24026961929167,1,2
4,4,35,13.039962715641812,26.314690502026977,0,0
5,3,7,3.2338910429785264,25.04375556728843,1,1
11,5,18,2.9972636198619176,23.10066744891506,0,0
18,4,49,11.32324502733576,29.432775486501903,0,0
8,0,43,35.377275095884954,31.114638916411337,1,2
20,2,46,40.090341205048716,34.902992245404306,0,0
19,3,42,0.9963992288151202,36.81793105528036,0,0
17,1,37,37.91140101346115,21.641117820888006,0,0
23,5,32,37.64450125116927,31.10874763562883,1,2
14,0,3,41.314060467685856,34.27364578371169,0,0
23,4,34,15.130391373975344,39.48309733574482,1,2
5,2,20,10.861182535160035,29.2309948522984,0,0
1,0,4,42.7806598406823,38.109320745385645,0,0
16,3,12,29.26821225612558,20.163298506823047,1,2
20,0,1,23.47456171186272,23.217715558499506,0,0
16,3,6,29.936158353134456,26.692597282144046,0,0
1,1,18,29.89996431114264,27.639921608661602,0,0
7,5,44,3.572948570942125,22.095668856223742,1,1
18,6,32,26.20862679655992,29.761168373180872,1,2
3,2,16,13.258551933805196,28.93003058743654,1,1
13,2,35,16.983828799922485,23.062956915529732,1,2
15,1,46,1.6002846584245944,34.739751881523965,1,1
16,2,41,0.2255954833437046,33.86287166434931,1,1
14,1,4,14.624996857272565,36.09144149232929,0,0
6,3,15,26.35250301348366,21.680284593860396,1,1
11,1,31,10.735338111028103,38.676142659072156,1,1
22,3,8,22.73370903217385,39.167083320491784,0,0
11,5,6,46.675306783431125,31.931003012373502,1,2
0,5,8,14.087880488962812,31.71207821534158,1,1
14,1,37,9.454903219204747,20.511943667116054,0,0
22,5,11,35.528393709728476,28.939263779696343,1,2
1,0,1,23.918862412926323,24.092028901835405,1,1
17,4,16,25.221054232242217,21.89778591682211,0,0
9,3,4,1.583573274658573,39.630342549296344,1,1
11,0,14,26.255900841451563,39.543763368754824,1,2
15,0,12,12.099365984089715,37.86324131298516,1,2
21,5,38,40.25862136992856,27.08761810691427,1,2
8,5,25,10.552381724691145,36.82876584288185,1,1
22,2,44,49.926608342965274,37.29462976733305,1,2
21,0,31,20.19777190674987,34.26794393841109,1,2
8,3,43,1.268501909270492,21.03802890528411,0,0
22,6,31,24.738047655699212,20.750372095180488,1,2
13,3,20,44.51051108676419,25.854641392688208,0,0
9,6,25,38.87202499475607,28.192828552989873,1,2
19,0,23,8.378956038827202,28.138970005210354,0,0
11,1,17,11.264506769719956,33.34342487732588,0,0
22,2,30,17.17989107217711,33.775998305200325,1,2
16,5,22,16.370969614821302,39.83577009182122,0,0
17,2,3,3.041618051185302,27.123232952566802,0,0
11,6,43,2.8737726460512425,24.500346452212415,1,1
2,6,16,38.036684764892364,21.735514012546385,0,0
21,3,5,34.72024475803631,31.74029629264998,0,0
4,1,9,21.31152552367596,22.39657386771269,1,1
22,6,30,4.631939162479698,30.95375863738731,0,0
14,5,30,13.710131016128352,21.948131791213154,1,2
0,3,24,3.1411465284796156,32.78639896272139,0,0
23,2,44,34.25052534947917,32.83185901835869,1,2
0,2,4,7.968874714877044,30.101686675853273,1,1
3,0,38,29.75588561085432,33.77996983079398,1,1
11,4,4,0.7783047441411006,28.198406431676393,1,1
4,5,33,1.2301725677802966,27.981792287902888,1,1
7,4,28,46.03710452270176,27.0251354739393,1,2
9,3,19,10.89087327669408,28.241412232646496,0,0
17,4,46,45.373465576493,24.61797903135934,1,2
15,0,10,45.914790457948705,23.739276657402808,0,0
2,0,49,2.7734713470923875,38.37320411680848,1,1
14,1,10,46.30200672230218,33.055246840710666,0,0
22,1,15,46.881284587971166,30.30693874576616,0,0
16,3,3,6.170924691808738,34.423450028858085,1,2
18,6,33,8.931742185696411,25.311374194400802,0,0
0,1,49,33.50909443261581,31.68953175472228,0,0
12,1,32,30.756817333295828,24.687214224319803,1,2
5,3,13,1.0482474696970723,24.32959510288661,0,0
20,2,27,26.485585040513676,37.95819023927436,0,0
11,2,28,42.80810933835789,24.52353881362836,1,2
7,5,19,39.96017445864438,34.94572993266972,0,0
10,3,22,17.817222339754945,26.909955550268073,1,1
2,0,30,13.296396947689221,24.46068566484218,1,1
11,4,48,18.31517803941165,37.110052486511954,1,2
21,6,10,13.35045295431515,29.021854879490636,0,0
13,5,37,5.338479509354221,26.34689297101298,1,1
0,5,11,39.83664735493315,26.941153403714864,0,0
21,5,31,3.2990423028391613,24.824873352887884,0,0
2,3,21,23.46156256365276,37.751930537176406,0,0
6,3,5,20.09680268976345,20.222788508147307,0,0
17,1,19,2.040845409460834,36.746780291890346,1,2
1,3,23,6.361659230762068,37.90370484884643,1,1
13,6,14,23.49467578146903,27.334678219326854,1,2
3,1,41,27.06077034087624,33.88126634964007,0,0
18,0,39,35.94681431465291,20.93679877345323,0,0
13,5,3,34.16600105888421,24.680030855576145,1,2
21,6,42,43.00121518229863,27.08037816959405,1,2
17,0,49,24.05216325697777,37.356767855444204,0,0
12,6,26,36.00643499244134,39.2834669155733,0,0
1,3,25,47.631932198792235,34.68989326875348,0,0
20,4,30,15.875739793722548,35.02518044287449,0,0
20,6,40,31.096496761939505,33.42919658888765,0,0
1,1,2,44.43380021358872,33.62413126922981,1,1
20,1,4,18.237503124665476,39.32542956567114,0,0
18,6,2,5.510415700347221,36.38507239493431,1,2
17,0,22,41.707181981490145,21.703166539527587,0,0
4,2,3,0.8059957512783156,24.56739522386041,1,1
9,3,31,18.12587135776474,28.084433045358374,1,1
3,5,32,30.598742983811807,30.052455940506384,0,0
18,3,14,25.2735982577248,24.79891231300433,1,2
23,2,44,25.606836132850518,33.31682483228205,0,0
23,5,24,6.974736497897238,30.037496975675467,0,0
23,6,24,6.802858369452447,33.766441990938965,1,2
23,2,27,28.1691806593065,30.526668470458755,1,2
5,1,15,28.50932666631385,23.414323925670143,1,1
8,4,27,11.311313458562966,22.224773919395187,0,0
4,6,37,17.38157970137208,28.846091150589807,0,0
9,1,43,44.76698337304033,33.072580274065125,1,2
6,0,21,21.394454191917482,31.324527097795126,1,1
6,5,12,40.01005536097469,27.058197262770207,0,0
14,2,8,29.311780833989243,24.81272062214963,0,0
17,1,22,4.463865599934808,32.77664663386577,0,0
3,1,32,6.517327848187754,33.79495010757992,1,1
17,2,8,2.166559858434103,22.455315313363148,1,2
20,2,17,19.91777953029143,36.05008634473532,1,2
10,2,1,4.211991447055352,28.672346180629134,0,0
13,3,35,32.80206560684015,35.5240545577853,0,0
22,2,34,2.363172557264842,23.35439389745082,0,0
11,4,39,12.472480833492034,35.60147858088733,0,0
19,1,22,45.13702663188057,20.893647878425632,0,0
3,4,17,18.542054839303248,31.72414702984852,0,0
7,4,19,45.39318670149058,28.95206456600829,1,2
23,0,39,15.834061257522091,23.961875346957907,0,0
4,4,5,39.221618069200495,28.276201066179638,1,2
19,2,48,16.9768592532627,22.032325867940965,1,2
23,3,49,39.734985750972214,37.583412420707816,1,2
4,5,40,38.33542914585606,20.184575072601373,1,2
23,2,18,20.124117444842867,30.106190399763577,1,2
3,3,20,7.246308494170256,26.55034391735054,0,0
19,2,10,8.390922161594283,20.387048723079314,1,2
11,2,42,14.868615852454353,26.054629137410046,1,1
4,6,25,16.688394772031472,31.40842331543815,0,0
6,3,2,2.151717053485153,33.46653236406483,0,0
20,2,23,41.099900183555896,36.38036252257896,1,2
5,6,28,25.027815792488855,25.515597687384954,0,0
7,1,29,47.914516724663464,25.294035050054198,0,0
6,1,17,47.39970088637131,35.342483882033946,0,0
7,4,2,28.43284682664937,25.295583158260158,0,0
20,1,17,8.92257403658341,21.56595714158636,0,0
9,2,47,3.2708979041181143,35.05999140472491,0,0
19,5,6,33.40430097099816,26.820159420564124,1,2
12,5,1,23.49577631278518,32.66988767123928,1,2
10,0,35,27.64524579080846,29.24674247810735,1,2
10,5,27,34.90596375622364,20.43136319803381,1,2
21,3,27,44.84452363083173,24.69459558378575,1,2
7,4,36,2.703765480525705,24.877748074150944,0,0
20,4,44,24.492311308983574,25.031347199215354,1,2
8,4,49,17.00389258281566,38.74059753854632,0,0
18,4,18,20.2671305220207,29.214866907957436,0,0
9,4,47,44.49296159597862,21.499552204636455,0,0
17,0,42,47.259597706990704,34.055942190556706,1,2
15,4,41,18.449888321453717,39.19372532492564,0,0
13,6,22,15.249931890395763,34.902643219943826,1,2
23,2,7,45.63998456747154,24.856761623531195,1,2
17,1,49,30.05503644154186,27.34806494280223,1,2
7,4,11,31.54257763587423,20.693718519676644,1,2
11,5,22,12.421939233393186,30.53056541487849,1,1
6,5,25,24.831286575693262,38.272076569136644,0,0
16,0,47,33.34718328138075,21.384494745808123,0,0
18,1,1,38.43409828417852,24.63327629681057,1,2
21,3,21,42.03725902696732,31.025642094086603,0,0
22,4,13,3.3558329978319867,23.678000891029377,0,0
18,4,23,40.96899287226724,31.155592674105975,0,0
6,1,31,37.14220487640868,35.14163594327693,0,0
23,0,9,38.75872463502699,20.203615718005338,1,2
9,5,37,24.000891188127692,33.89066810751846,0,0
16,4,32,8.981520737311516,29.89165062758447,0,0
19,6,30,5.59087213651846,34.71340745392907,1,2
6,5,27,15.778484972946206,27.086930332668175,1,1
13,4,37,30.878534903326194,22.530811679187,1,2
0,0,47,7.608294049803649,37.59814064221641,1,1
14,1,32,17.584432758585304,34.370507013409124,1,2
19,3,28,37.38310835128355,27.538421320620646,1,2
12,3,25,24.02729775313132,20.646238771412992,0,0
13,1,11,38.30845372724128,23.084924846621288,1,2
23,0,31,2.0941654552937172,24.365883568848815,1,2
21,5,10,15.244811008654624,23.362094003027497,1,2
7,4,1,32.35361117686237,29.19822996158507,1,2
4,1,32,36.26815929557526,35.07916550149503,1,1
13,1,28,16.674247033820166,26.187144525641425,1,2
11,4,33,49.719714288065276,33.193029520556394,0,0
1,2,14,49.77287074308761,24.38213837893851,1,2
4,2,33,9.672497517376467,22.171573497177516,0,0
20,4,28,16.42991082492792,37.034813322444904,0,0
9,1,32,1.937380516599374,29.787700237889155,1,1
16,1,46,33.871622648814856,24.75470855828665,1,2
11,0,48,9.468327452423441,22.530297352387652,0,0
20,4,14,42.27437008851297,29.34426774368936,1,2
16,4,19,37.00550790629696,26.136485472513503,1,2
1,6,21,38.76178708944343,21.2190148162048,1,1
11,1,37,29.370649054704096,32.966541728876635,1,2
23,5,22,40.265299018272366,39.707036541384554,1,2
2,2,8,17.860887754260478,35.44884156087164,0,0
19,6,10,14.167367321939384,26.78535695086194,1,2
4,0,10,2.952342663472024,35.20392604435491,0,0
11,6,18,23.877189833982598,37.160172255618974,1,2
13,5,22,46.741388439513585,31.719202724590758,0,0
6,6,10,7.585851797154969,29.267690796038472,0,0
5,4,25,28.22102059875087,30.49671077766218,0,0
10,6,48,13.296748047524703,27.023612528878104,0,0
10,0,26,33.91394606266465,31.686001811477944,0,0
18,2,45,11.05767363450178,32.39643244667229,0,0
23,4,18,49.808757697739225,37.476555642301804,1,2
3,4,35,9.410581100383004,38.36843129335086,0,0
11,5,40,20.36801108438319,21.05053191493918,1,2
23,0,19,40.76100615540401,33.364325268521036,1,2
4,1,18,12.109950023794653,22.584655630252275,0,0
17,0,21,46.46821119114796,20.68638130195099,0,0
19,0,43,49.90517483266883,26.387630281971784,1,2
0,2,33,29.38030715309229,31.969928104198516,0,0
18,6,27,19.904627711918742,28.993364585789944,0,0
17,0,35,30.719053500750398,21.389916301440046,0,0
12,6,27,27.984175337411898,21.858227294693787,1,2
7,5,22,42.621361720879555,36.89973546020181,1,2
12,3,4,1.6554403208390966,20.139819940845186,1,1
14,6,16,15.8495668542941,31.77875012771173,1,2
13,5,5,26.901643815324206,34.47811963186874,0,0
19,6,47,19.85399837956737,22.55922436176969,0,0
8,3,37,40.566969395434036,20.955210481757863,1,2
16,2,33,29.52133749051708,25.630858167685524,0,0
21,3,11,25.441325950157808,37.16096562779042,0,0
8,0,47,35.42967242026686,25.123813482429483,0,0
9,5,27,10.984549386961195,39.483335755364266,0,0
1,1,33,11.309760396333468,39.73413353946697,1,1
5,1,29,0.8306759590862967,27.553553344433844,0,0
21,0,15,22.437901204952322,37.44373320689053,0,0
4,0,39,34.99562617730506,25.7092673902703,0,0
13,2,12,19.49669547181823,24.529611453972525,0,0
11,1,5,31.075882748860145,23.913323304701514,1,2
0,2,13,16.444374080309277,26.25121422699067,0,0
